order_id,date,category,region,sales_rep,quantity,unit_price,discount_pct,customer_rating,returned,revenue
10001,2022-01-01,Books,West,Rep_007,45,253.8,10.0,4.0,No,10278.9
10002,2022-01-01,Sports,West,Rep_027,9,32.81,5.0,2.0,no,$280.53
10003,2022-01-02,Food,West,Rep_028,38,248.09,10.0,5.0,YES,8484.68
10004,2022-01-03,Sports,Central,Rep_022,30,,5.0,1.0,YES,13221.72
10005,2022-01-04,Sports,Central,Rep_014,44,57.17,20.0,4.0,YES,2012.38
10006,2022-01-05,Clothing,South,Rep_007,34,383.4,10.0,1.0,,11732.04
10007,2022-01-06,Food,North,Rep_005,32,207.79,10.0,4.0,Yes,5984.35
10008,2022-01-07,Food,West,Rep_029,3,329.31,10.0,5.0,no,889.14
10009,2022-01-08,Food,South,Rep_022,3,,5.0,,No,381.39
10010,2022-01-09,Sports,North,Rep_005,28,83.95,15.0,4.0,YES,1998.01
10011,2022-01-10,Books,East,Rep_030,44,84.43,20.0,,no,2971.94
10012,2022-01-11,Food,Central,Rep_023,15,39.89,10.0,4.0,YES,538.52
10013,2022-01-11,Home,North,Rep_002,41,96.9,,3.0,YES,3972.9
10014,2022-01-12,Sports,East,Rep_030,23,333.79,15.0,5.0,No,
10015,2022-01-13,Clothing,North,Rep_027,40,441.44,,2.0,,17657.6
10016,2022-01-14,Books,Central,Rep_021,11,407.99,20.0,,Yes,
10017,2022-01-15,Home,Central,Rep_022,48,344.14,20.0,2.0,,13214.98
10018,2022-01-16,Home,South,Rep_006,32,59.66,10.0,5.0,no,1718.21
10019,2022-01-17,Clothing,West,Rep_015,36,148.15,10.0,2.0,,4800.06
10020,2022-01-18,Books,North,Rep_021,33,158.35,5.0,5.0,no,$4964.27
10021,2022-01-19,Sports,North,Rep_010,24,128.73,15.0,2.0,no,2626.09
10022,2022-01-20,Electronics,East,Rep_023,39,259.93,15.0,,Yes,8616.68
10023,2022-01-21,Books,Central,Rep_026,34,,10.0,3.0,No,
10024,2022-01-22,Clothing,North,Rep_024,28,181.66,20.0,2.0,Yes,4069.18
10025,2022-01-22,Home,Central,Rep_007,37,180.13,10.0,,,5998.33
10026,2022-01-23,Sports,North,Rep_005,7,415.14,20.0,4.0,no,2324.78
10027,2022-01-24,Books,South,Rep_001,4,395.7,20.0,5.0,YES,1266.24
10028,2022-01-25,Electronics,West,Rep_013,37,157.36,10.0,1.0,YES,5240.09
10029,2022-01-26,Electronics,North,Rep_021,1,457.33,0.0,1.0,no,457.33
10030,2022-01-27,Food,Central,Rep_026,1,476.64,15.0,5.0,Yes,405.14
10031,2022-01-28,Food,South,Rep_018,47,166.74,,3.0,No,7836.78
10032,2022-01-29,Clothing,North,Rep_013,20,180.44,20.0,2.0,Yes,$2887.04
10033,2022-01-30,Books,East,Rep_021,19,255.29,20.0,3.0,no,3880.41
10034,2022-01-31,Books,West,Rep_021,29,470.85,0.0,1.0,no,13654.65
10035,2022-02-01,Home,North,Rep_018,10,438.78,,,No,4387.8
10036,2022-02-01,Home,South,Rep_005,18,55.77,5.0,5.0,,953.67
10037,2022-02-02,Home,East,Rep_013,28,199.4,0.0,5.0,,$5583.20
10038,2022-02-03,Food,South,Rep_004,35,278.92,,3.0,No,9762.2
10039,2022-02-04,Books,South,Rep_017,43,254.05,0.0,,,10924.15
10040,2022-02-05,Books,East,Rep_003,47,100.96,20.0,3.0,YES,3796.1
10041,2022-02-06,Electronics,South,Rep_017,31,430.11,15.0,2.0,,11333.4
10042,2022-02-07,Food,East,Rep_028,27,340.09,0.0,4.0,,9182.43
10043,2022-02-08,Sports,North,Rep_011,11,419.76,5.0,,,4386.49
10044,2022-02-09,Food,East,Rep_021,49,430.09,10.0,4.0,YES,18966.97
10045,2022-02-10,Sports,East,Rep_020,49,375.44,,2.0,,18396.56
10046,2022-02-11,Electronics,West,Rep_023,38,,0.0,4.0,YES,8451.58
10047,2022-02-12,Clothing,East,Rep_021,5,307.22,0.0,1.0,No,1536.1
10048,2022-02-12,Books,East,Rep_026,8,84.38,5.0,4.0,Yes,641.29
10049,2022-02-13,Electronics,North,Rep_030,34,338.45,15.0,2.0,No,9781.2
10050,2022-02-14,Books,West,Rep_004,48,93.73,0.0,4.0,Yes,4499.04
10051,2022-02-15,Home,Central,Rep_002,12,348.51,0.0,5.0,No,4182.12
10052,2022-02-16,Clothing,North,Rep_020,38,118.65,15.0,3.0,Yes,3832.39
10053,2022-02-17,Clothing,North,Rep_016,1,63.19,5.0,1.0,Yes,60.03
10054,2022-02-18,Electronics,Central,Rep_028,31,86.82,,5.0,no,2691.42
10055,2022-02-19,Clothing,East,Rep_018,4,5.99,,5.0,Yes,23.96
10056,2022-02-20,Sports,South,Rep_008,49,360.78,0.0,2.0,Yes,17678.22
10057,2022-02-21,Clothing,West,Rep_003,45,367.54,15.0,3.0,no,14058.4
10058,2022-02-22,Books,South,Rep_009,5,259.89,0.0,3.0,,1299.45
10059,2022-02-22,Books,Central,Rep_029,30,84.87,10.0,,,2291.49
10060,2022-02-23,Books,North,Rep_020,24,46.36,,1.0,no,1112.64
10061,2022-02-24,Books,North,Rep_029,3,14.47,20.0,2.0,YES,34.73
10062,2022-02-25,Sports,West,Rep_006,11,,10.0,1.0,Yes,$861.80
10063,2022-02-26,Food,North,Rep_010,45,445.97,0.0,,Yes,20068.65
10064,2022-02-27,Home,North,Rep_021,4,124.56,5.0,4.0,no,473.33
10065,2022-02-28,Electronics,West,Rep_010,26,180.36,,5.0,no,$4689.36
10066,2022-03-01,Books,West,Rep_013,27,57.15,20.0,1.0,YES,1234.44
10067,2022-03-02,Clothing,Central,Rep_017,46,115.07,10.0,5.0,,
10068,2022-03-03,Books,North,Rep_009,43,262.02,,2.0,No,11266.86
10069,2022-03-04,Clothing,North,Rep_017,27,305.84,15.0,4.0,,$7019.03
10070,2022-03-05,Home,Central,Rep_024,42,,5.0,2.0,Yes,5045.36
10071,2022-03-05,Home,East,Rep_009,6,33.58,10.0,4.0,no,181.33
10072,2022-03-06,Home,East,Rep_009,15,198.56,15.0,4.0,YES,2531.64
10073,2022-03-07,Clothing,East,Rep_001,30,120.93,0.0,5.0,,$3627.90
10074,2022-03-08,Books,Central,Rep_002,42,113.68,15.0,2.0,YES,4058.38
10075,2022-03-09,Home,North,Rep_028,37,480.13,10.0,2.0,,15988.33
10076,2022-03-10,Sports,Central,Rep_016,37,310.07,10.0,1.0,Yes,10325.33
10077,2022-03-11,Clothing,Central,Rep_029,42,280.65,0.0,2.0,No,11787.3
10078,2022-03-12,Clothing,East,Rep_001,37,210.81,15.0,1.0,YES,6629.97
10079,2022-03-13,Books,South,Rep_010,35,217.33,15.0,3.0,YES,$6465.57
10080,2022-03-14,Clothing,North,Rep_018,23,272.75,0.0,3.0,No,6273.25
10081,2022-03-15,Clothing,East,Rep_026,6,,15.0,3.0,YES,1783.62
10082,2022-03-15,Home,South,Rep_028,4,352.56,,,YES,1410.24
10083,2022-03-16,Books,South,Rep_008,18,89.99,0.0,2.0,,1619.82
10084,2022-03-17,Home,West,Rep_021,9,252.56,5.0,,,2159.39
10085,2022-03-18,Home,North,Rep_028,49,208.92,10.0,2.0,No,9213.37
10086,2022-03-19,Books,South,Rep_011,29,435.91,5.0,1.0,Yes,12009.32
10087,2022-03-20,Electronics,East,Rep_023,13,317.55,,,YES,$4128.15
10088,2022-03-21,Home,West,Rep_002,47,268.59,,,Yes,12623.73
10089,2022-03-22,Sports,North,Rep_008,17,62.12,20.0,,No,844.83
10090,2022-03-23,Sports,Central,Rep_027,45,304.79,20.0,4.0,No,10972.44
10091,2022-03-24,Clothing,East,Rep_022,32,63.02,20.0,1.0,,
10092,2022-03-25,Sports,South,Rep_008,48,171.92,0.0,3.0,YES,8252.16
10093,2022-03-26,Clothing,South,Rep_017,22,75.71,15.0,1.0,no,1415.78
10094,2022-03-26,Electronics,East,Rep_015,4,347.58,,4.0,No,1390.32
10095,2022-03-27,Books,South,Rep_017,5,107.09,5.0,2.0,YES,
10096,2022-03-28,Books,West,Rep_028,37,198.97,5.0,1.0,Yes,
10097,2022-03-29,Books,North,Rep_023,41,448.36,5.0,,,17463.62
10098,2022-03-30,Sports,West,Rep_024,49,106.14,5.0,3.0,Yes,4940.82
10099,2022-03-31,Electronics,South,Rep_013,13,256.36,20.0,3.0,No,2666.14
10100,2022-04-01,Sports,Central,Rep_019,34,212.54,5.0,2.0,No,6865.04
10101,2022-04-02,Sports,North,Rep_005,45,13.97,15.0,1.0,Yes,534.35
10102,2022-04-03,Electronics,North,Rep_012,22,397.42,20.0,4.0,No,6994.59
10103,2022-04-04,Electronics,East,Rep_001,23,39.18,5.0,2.0,YES,856.08
10104,2022-04-05,Electronics,East,Rep_023,3,239.76,0.0,1.0,No,$719.28
10105,2022-04-05,Electronics,Central,Rep_005,42,282.54,10.0,5.0,,10680.01
10106,2022-04-06,Books,North,Rep_008,34,316.07,10.0,3.0,YES,9671.74
10107,2022-04-07,Food,Central,Rep_013,32,345.87,10.0,4.0,no,9961.06
10108,2022-04-08,Food,East,Rep_008,45,130.37,20.0,,No,$4693.32
10109,2022-04-09,Electronics,East,Rep_025,49,9.94,5.0,4.0,No,
10110,2022-04-10,Food,North,Rep_023,21,,,,,
10111,2022-04-11,Food,West,Rep_011,46,270.15,,4.0,,12426.9
10112,2022-04-12,Electronics,South,Rep_001,44,418.88,,3.0,Yes,18430.72
10113,2022-04-13,Food,East,Rep_013,21,411.59,20.0,,Yes,6914.71
10114,2022-04-14,Sports,East,Rep_019,44,422.45,15.0,1.0,Yes,15799.63
10115,2022-04-15,Clothing,West,Rep_024,11,245.12,0.0,,,2696.32
10116,2022-04-16,Clothing,West,Rep_003,39,170.15,0.0,2.0,Yes,6635.85
10117,2022-04-16,Electronics,Central,Rep_024,4,396.82,10.0,1.0,Yes,$1428.55
10118,2022-04-17,Books,Central,Rep_017,1,228.39,10.0,2.0,no,205.55
10119,2022-04-18,Electronics,South,Rep_005,28,,,4.0,Yes,2682.4
10120,2022-04-19,Books,South,Rep_020,24,,,1.0,No,10277.04
10121,2022-04-20,Clothing,North,Rep_021,35,441.87,10.0,4.0,,13918.9
10122,2022-04-21,Electronics,Central,Rep_008,13,235.82,5.0,5.0,YES,2912.38
10123,2022-04-22,Home,East,Rep_026,47,42.47,15.0,4.0,no,
10124,2022-04-23,Sports,Central,Rep_014,34,196.97,15.0,4.0,,5692.43
10125,2022-04-24,Food,East,Rep_004,11,402.75,15.0,2.0,,3765.71
10126,2022-04-25,Books,West,Rep_011,36,451.38,15.0,,No,13812.23
10127,2022-04-26,Home,Central,Rep_020,17,105.72,10.0,5.0,Yes,1617.52
10128,2022-04-26,Food,West,Rep_015,35,,0.0,4.0,No,1335.25
10129,2022-04-27,Food,South,Rep_019,18,439.29,10.0,4.0,Yes,7116.5
10130,2022-04-28,Electronics,South,Rep_007,40,197.76,15.0,5.0,Yes,6723.84
10131,2022-04-29,Food,North,Rep_019,22,273.17,10.0,5.0,,5408.77
10132,2022-04-30,Sports,Central,Rep_028,24,484.19,15.0,1.0,Yes,9877.48
10133,2022-05-01,Home,West,Rep_019,19,37.95,20.0,2.0,no,$576.84
10134,2022-05-02,Food,East,Rep_011,37,325.92,,5.0,no,12059.04
10135,2022-05-03,Electronics,South,Rep_026,39,41.68,0.0,5.0,no,1625.52
10136,2022-05-04,Sports,South,Rep_005,21,190.86,20.0,3.0,,3206.45
10137,2022-05-05,Clothing,East,Rep_005,8,402.89,5.0,,No,3061.96
10138,2022-05-06,Home,West,Rep_030,28,219.57,10.0,5.0,YES,5533.16
10139,2022-05-07,Food,West,Rep_022,5,498.61,5.0,2.0,Yes,2368.4
10140,2022-05-07,Electronics,Central,Rep_008,17,281.73,10.0,,YES,4310.47
10141,2022-05-08,Clothing,Central,Rep_010,37,163.98,,,No,
10142,2022-05-09,Clothing,North,Rep_006,36,113.96,20.0,4.0,No,3282.05
10143,2022-05-10,Books,South,Rep_015,19,178.51,,4.0,,3391.69
10144,2022-05-11,Sports,Central,Rep_016,27,,15.0,4.0,no,$4346.73
10145,2022-05-12,Food,West,Rep_028,34,39.01,,4.0,no,1326.34
10146,2022-05-13,Electronics,East,Rep_017,11,187.94,,3.0,No,2067.34
10147,2022-05-14,Books,West,Rep_008,45,234.8,15.0,5.0,,8981.1
10148,2022-05-15,Sports,South,Rep_008,47,362.76,10.0,4.0,,15344.75
10149,2022-05-16,Books,West,Rep_025,12,330.08,15.0,1.0,Yes,3366.82
10150,2022-05-17,Home,North,Rep_009,21,355.84,20.0,4.0,no,5978.11
10151,2022-05-17,Sports,South,Rep_002,11,9.14,,5.0,No,
10152,2022-05-18,Sports,East,Rep_015,39,112.75,15.0,4.0,YES,
10153,2022-05-19,Food,North,Rep_018,28,332.53,,3.0,no,9310.84
10154,2022-05-20,Sports,South,Rep_003,5,244.57,20.0,2.0,Yes,978.28
10155,2022-05-21,Books,East,Rep_017,17,7.63,5.0,2.0,,$123.22
10156,2022-05-22,Sports,North,Rep_004,20,403.22,20.0,5.0,No,
10157,2022-05-23,Food,North,Rep_030,41,,0.0,2.0,no,15889.14
10158,2022-05-24,Food,South,Rep_004,46,276.47,0.0,2.0,YES,12717.62
10159,2022-05-25,Home,Central,Rep_014,12,37.9,0.0,1.0,Yes,454.8
10160,2022-05-26,Books,North,Rep_009,6,384.42,,5.0,Yes,
10161,2022-05-27,Clothing,North,Rep_009,17,293.94,10.0,5.0,no,4497.28
10162,2022-05-28,Clothing,East,Rep_025,19,,10.0,2.0,YES,6704.4
10163,2022-05-28,Sports,West,Rep_026,26,377.11,10.0,2.0,Yes,8824.37
10164,2022-05-29,Home,South,Rep_023,48,402.49,,2.0,No,19319.52
10165,2022-05-30,Electronics,South,Rep_030,44,261.41,20.0,,Yes,
10166,2022-05-31,Sports,Central,Rep_018,44,74.46,10.0,3.0,YES,2948.62
10167,2022-06-01,Home,Central,Rep_010,32,337.22,5.0,4.0,,10251.49
10168,2022-06-02,Books,South,Rep_021,6,312.13,0.0,3.0,,1872.78
10169,2022-06-03,Books,Central,Rep_004,36,372.42,20.0,5.0,no,
10170,2022-06-04,Books,East,Rep_012,38,89.09,0.0,1.0,YES,3385.42
10171,2022-06-05,Books,South,Rep_027,11,101.51,10.0,4.0,Yes,1004.95
10172,2022-06-06,Books,Central,Rep_008,33,445.75,20.0,1.0,Yes,11767.8
10173,2022-06-07,Home,South,Rep_002,24,376.24,15.0,,,7675.3
10174,2022-06-07,Home,West,Rep_022,23,454.57,5.0,5.0,,
10175,2022-06-08,Food,North,Rep_013,15,380.56,10.0,,No,5137.56
10176,2022-06-09,Clothing,South,Rep_021,27,300.59,10.0,5.0,,7304.34
10177,2022-06-10,Books,North,Rep_016,11,328.8,5.0,1.0,No,3435.96
10178,2022-06-11,Electronics,Central,Rep_028,17,445.12,5.0,1.0,Yes,7188.69
10179,2022-06-12,Home,North,Rep_002,14,291.51,15.0,1.0,No,3468.97
10180,2022-06-13,Electronics,South,Rep_011,27,,10.0,5.0,No,7728.13
10181,2022-06-14,Electronics,West,Rep_010,18,82.46,,2.0,no,1484.28
10182,2022-06-15,Electronics,Central,Rep_015,28,239.59,10.0,1.0,,6037.67
10183,2022-06-16,Food,South,Rep_017,47,359.62,0.0,,No,$16902.14
10184,2022-06-17,Home,Central,Rep_008,47,139.12,20.0,4.0,Yes,5230.91
10185,2022-06-18,Electronics,East,Rep_018,4,105.12,20.0,5.0,YES,336.38
10186,2022-06-18,Books,North,Rep_023,7,160.34,0.0,,No,1122.38
10187,2022-06-19,Sports,East,Rep_009,45,124.54,20.0,3.0,,4483.44
10188,2022-06-20,Electronics,South,Rep_025,35,111.38,5.0,3.0,no,3703.38
10189,2022-06-21,Food,West,Rep_008,48,215.3,20.0,4.0,Yes,8267.52
10190,2022-06-22,Home,Central,Rep_027,9,454.38,20.0,2.0,no,3271.54
10191,2022-06-23,Food,North,Rep_014,8,255.99,0.0,1.0,YES,2047.92
10192,2022-06-24,Electronics,Central,Rep_028,45,98.02,15.0,5.0,No,$3749.26
10193,2022-06-25,Home,South,Rep_026,17,43.1,20.0,,No,586.16
10194,2022-06-26,Sports,Central,Rep_025,17,349.6,,1.0,,5943.2
10195,2022-06-27,Electronics,North,Rep_018,49,194.49,20.0,,No,7624.01
10196,2022-06-28,Food,South,Rep_022,33,411.81,15.0,5.0,Yes,11551.27
10197,2022-06-28,Clothing,Central,Rep_020,32,331.46,0.0,3.0,YES,10606.72
10198,2022-06-29,Books,West,Rep_030,8,399.14,15.0,1.0,no,
10199,2022-06-30,Food,South,Rep_020,19,139.61,0.0,4.0,YES,2652.59
10200,2022-07-01,Home,South,Rep_021,38,347.72,5.0,2.0,No,12552.69
10201,2022-07-02,Electronics,West,Rep_012,3,135.71,0.0,4.0,no,407.13
10202,2022-07-03,Books,East,Rep_019,5,469.84,5.0,2.0,,2231.74
10203,2022-07-04,Electronics,North,Rep_014,13,320.01,5.0,,YES,3952.12
10204,2022-07-05,Home,East,Rep_017,47,165.63,0.0,1.0,no,7784.61
10205,2022-07-06,Electronics,Central,Rep_024,46,138.41,,1.0,no,6366.86
10206,2022-07-07,Clothing,West,Rep_021,31,99.51,10.0,2.0,no,2776.33
10207,2022-07-08,Books,East,Rep_003,16,348.85,0.0,3.0,Yes,
10208,2022-07-09,Books,South,Rep_026,32,113.26,20.0,5.0,YES,2899.46
10209,2022-07-09,Home,Central,Rep_030,22,299.68,,4.0,no,6592.96
10210,2022-07-10,Clothing,Central,Rep_023,29,135.99,,,YES,3943.71
10211,2022-07-11,Food,East,Rep_007,22,332.67,20.0,4.0,no,5854.99
10212,2022-07-12,Electronics,East,Rep_017,43,408.4,10.0,4.0,,15805.08
10213,2022-07-13,Sports,West,Rep_012,3,390.12,,,,1170.36
10214,2022-07-14,Electronics,North,Rep_009,10,381.62,5.0,,,3625.39
10215,2022-07-15,Electronics,East,Rep_015,42,97.92,10.0,1.0,No,
10216,2022-07-16,Food,East,Rep_018,21,48.75,20.0,4.0,no,819.0
10217,2022-07-17,Electronics,South,Rep_021,16,350.98,10.0,5.0,No,5054.11
10218,2022-07-18,Clothing,Central,Rep_013,12,187.33,0.0,5.0,YES,2247.96
10219,2022-07-19,Clothing,North,Rep_030,2,219.01,10.0,2.0,No,394.22
10220,2022-07-20,Books,South,Rep_021,41,20.42,5.0,,YES,795.36
10221,2022-07-20,Home,West,Rep_030,24,133.49,0.0,1.0,YES,3203.76
10222,2022-07-21,Sports,West,Rep_008,35,21.67,15.0,5.0,YES,644.68
10223,2022-07-22,Electronics,East,Rep_014,30,,20.0,3.0,No,10564.8
10224,2022-07-23,Electronics,East,Rep_008,30,,20.0,1.0,no,
10225,2022-07-24,Food,West,Rep_014,47,280.88,10.0,1.0,No,11881.22
10226,2022-07-25,Home,East,Rep_007,35,,,5.0,no,$850.15
10227,2022-07-26,Clothing,North,Rep_023,19,335.09,0.0,3.0,no,6366.71
10228,2022-07-27,Sports,East,Rep_012,8,164.9,15.0,2.0,YES,1121.32
10229,2022-07-28,Books,Central,Rep_011,26,449.47,0.0,5.0,No,11686.22
10230,2022-07-29,Clothing,East,Rep_022,49,444.62,20.0,3.0,no,17429.1
10231,2022-07-30,Home,South,Rep_022,40,166.02,0.0,1.0,,6640.8
10232,2022-07-30,Books,North,Rep_011,7,450.98,15.0,3.0,no,2683.33
10233,2022-07-31,Food,South,Rep_025,30,498.1,,1.0,,14943.0
10234,2022-08-01,Food,South,Rep_022,7,413.58,10.0,5.0,No,2605.55
10235,2022-08-02,Electronics,Central,Rep_028,3,423.21,5.0,,No,1206.15
10236,2022-08-03,Home,North,Rep_029,1,128.26,0.0,5.0,No,128.26
10237,2022-08-04,Sports,North,Rep_013,36,290.47,5.0,4.0,no,9934.07
10238,2022-08-05,Books,North,Rep_018,25,38.29,20.0,4.0,Yes,765.8
10239,2022-08-06,Clothing,North,Rep_002,37,51.98,10.0,4.0,no,1730.93
10240,2022-08-07,Home,North,Rep_029,1,499.45,10.0,5.0,no,449.5
10241,2022-08-08,Home,Central,Rep_021,15,166.69,0.0,2.0,YES,2500.35
10242,2022-08-09,Food,East,Rep_015,37,375.35,,5.0,YES,13887.95
10243,2022-08-10,Electronics,South,Rep_020,13,,10.0,,no,4730.31
10244,2022-08-10,Electronics,North,Rep_027,40,429.72,0.0,3.0,,17188.8
10245,2022-08-11,Books,East,Rep_018,8,498.83,0.0,5.0,YES,3990.64
10246,2022-08-12,Food,East,Rep_015,5,124.54,5.0,5.0,no,591.57
10247,2022-08-13,Home,South,Rep_019,9,24.97,10.0,1.0,Yes,202.26
10248,2022-08-14,Sports,Central,Rep_023,1,208.54,0.0,1.0,,208.54
10249,2022-08-15,Food,West,Rep_024,36,69.39,5.0,1.0,No,$2373.14
10250,2022-08-16,Books,West,Rep_012,35,16.1,15.0,5.0,no,478.98
10251,2022-08-17,Books,East,Rep_013,2,183.41,5.0,2.0,no,348.48
10252,2022-08-18,Food,South,Rep_022,40,392.95,5.0,3.0,,14932.1
10253,2022-08-19,Books,West,Rep_011,23,285.26,0.0,3.0,YES,6560.98
10254,2022-08-20,Food,East,Rep_005,9,159.83,20.0,,YES,1150.78
10255,2022-08-20,Clothing,Central,Rep_029,34,328.9,20.0,2.0,YES,8946.08
10256,2022-08-21,Food,West,Rep_001,46,119.85,,2.0,No,5513.1
10257,2022-08-22,Food,East,Rep_024,14,12.12,20.0,3.0,,135.74
10258,2022-08-23,Books,East,Rep_003,4,383.35,5.0,4.0,,1456.73
10259,2022-08-24,Books,North,Rep_022,30,313.75,,1.0,YES,9412.5
10260,2022-08-25,Electronics,Central,Rep_019,31,382.34,0.0,1.0,YES,11852.54
10261,2022-08-26,Electronics,North,Rep_023,38,24.27,10.0,3.0,Yes,830.03
10262,2022-08-27,Clothing,South,Rep_029,11,419.37,5.0,2.0,Yes,4382.42
10263,2022-08-28,Electronics,North,Rep_030,35,311.67,5.0,,no,$10363.03
10264,2022-08-29,Food,North,Rep_007,8,283.88,,4.0,no,2271.04
10265,2022-08-30,Books,West,Rep_012,3,314.18,0.0,3.0,,942.54
10266,2022-08-31,Electronics,East,Rep_015,14,432.89,15.0,1.0,,5151.39
10267,2022-08-31,Electronics,Central,Rep_025,13,295.53,5.0,5.0,No,3649.8
10268,2022-09-01,Clothing,North,Rep_005,45,292.57,15.0,2.0,No,11190.8
10269,2022-09-02,Home,Central,Rep_015,32,495.39,15.0,5.0,Yes,13474.61
10270,2022-09-03,Clothing,North,Rep_008,34,379.58,20.0,,no,10324.58
10271,2022-09-04,Food,South,Rep_010,45,223.94,0.0,3.0,Yes,10077.3
10272,2022-09-05,Books,North,Rep_026,19,355.16,15.0,1.0,Yes,5735.83
10273,2022-09-06,Clothing,West,Rep_016,38,197.67,0.0,4.0,no,7511.46
10274,2022-09-07,Electronics,East,Rep_008,16,118.29,20.0,5.0,No,1514.11
10275,2022-09-08,Books,South,Rep_001,2,300.44,0.0,4.0,no,600.88
10276,2022-09-09,Books,North,Rep_012,40,464.45,5.0,,YES,17649.1
10277,2022-09-10,Electronics,Central,Rep_005,17,464.92,15.0,1.0,YES,6718.09
10278,2022-09-10,Clothing,South,Rep_003,34,174.24,0.0,5.0,YES,5924.16
10279,2022-09-11,Electronics,South,Rep_001,42,266.2,10.0,,,10062.36
10280,2022-09-12,Home,North,Rep_004,16,109.76,0.0,4.0,No,1756.16
10281,2022-09-13,Books,South,Rep_008,38,497.84,15.0,4.0,No,16080.23
10282,2022-09-14,Sports,Central,Rep_003,2,490.65,20.0,5.0,,785.04
10283,2022-09-15,Sports,South,Rep_010,2,326.51,20.0,1.0,Yes,522.42
10284,2022-09-16,Food,Central,Rep_002,26,403.18,15.0,4.0,YES,8910.28
10285,2022-09-17,Electronics,North,Rep_011,13,358.97,5.0,3.0,YES,4433.28
10286,2022-09-18,Electronics,East,Rep_025,47,298.61,5.0,,Yes,13332.94
10287,2022-09-19,Food,South,Rep_010,31,31.41,20.0,5.0,no,778.97
10288,2022-09-20,Food,East,Rep_021,34,230.11,20.0,2.0,no,6258.99
10289,2022-09-21,Food,Central,Rep_014,39,,15.0,2.0,No,11238.51
10290,2022-09-21,Books,South,Rep_007,3,340.38,5.0,1.0,,$970.08
10291,2022-09-22,Home,West,Rep_027,8,189.7,20.0,3.0,No,1214.08
10292,2022-09-23,Electronics,East,Rep_027,23,471.14,5.0,4.0,no,10294.41
10293,2022-09-24,Books,South,Rep_002,14,87.84,20.0,2.0,Yes,983.81
10294,2022-09-25,Food,East,Rep_009,27,252.68,0.0,1.0,No,6822.36
10295,2022-09-26,Electronics,South,Rep_016,29,346.99,10.0,,YES,9056.44
10296,2022-09-27,Books,North,Rep_013,39,350.08,,3.0,YES,13653.12
10297,2022-09-28,Home,East,Rep_009,39,326.08,0.0,3.0,Yes,12717.12
10298,2022-09-29,Books,West,Rep_020,1,141.27,,1.0,no,141.27
10299,2022-09-30,Home,West,Rep_004,17,82.32,20.0,1.0,YES,
10300,2022-10-01,Food,Central,Rep_022,41,319.79,10.0,4.0,YES,11800.25
10301,2022-10-01,Home,South,Rep_010,30,301.65,10.0,1.0,,8144.55
10302,2022-10-02,Electronics,East,Rep_026,13,93.78,20.0,4.0,No,975.31
10303,2022-10-03,Food,Central,Rep_026,21,354.04,20.0,4.0,no,5947.87
10304,2022-10-04,Electronics,East,Rep_022,19,230.31,5.0,5.0,No,4157.1
10305,2022-10-05,Sports,South,Rep_012,19,335.54,20.0,3.0,no,5100.21
10306,2022-10-06,Clothing,West,Rep_017,25,419.5,15.0,,YES,8914.38
10307,2022-10-07,Home,North,Rep_014,22,89.02,20.0,3.0,,1566.75
10308,2022-10-08,Clothing,West,Rep_014,31,,15.0,3.0,No,381.55
10309,2022-10-09,Clothing,Central,Rep_025,17,390.66,20.0,5.0,YES,5312.98
10310,2022-10-10,Home,North,Rep_002,23,,5.0,4.0,no,$6703.58
10311,2022-10-11,Food,Central,Rep_021,32,351.32,15.0,4.0,No,9555.9
10312,2022-10-12,Sports,South,Rep_025,10,,0.0,1.0,No,4198.9
10313,2022-10-12,Electronics,North,Rep_020,10,402.39,15.0,5.0,YES,3420.31
10314,2022-10-13,Books,Central,Rep_011,36,480.66,5.0,1.0,No,16438.57
10315,2022-10-14,Electronics,South,Rep_016,8,270.29,,5.0,,2162.32
10316,2022-10-15,Books,West,Rep_019,20,246.81,15.0,1.0,,4195.77
10317,2022-10-16,Electronics,South,Rep_023,32,203.93,20.0,2.0,YES,$5220.61
10318,2022-10-17,Home,East,Rep_006,14,81.08,20.0,3.0,no,908.1
10319,2022-10-18,Sports,South,Rep_024,28,288.44,,3.0,YES,$8076.32
10320,2022-10-19,Books,South,Rep_019,46,142.12,5.0,,,6210.64
10321,2022-10-20,Food,East,Rep_005,24,461.05,10.0,4.0,Yes,9958.68
10322,2022-10-21,Electronics,Central,Rep_026,15,293.68,20.0,,Yes,
10323,2022-10-22,Electronics,Central,Rep_004,22,298.46,0.0,2.0,No,6566.12
10324,2022-10-22,Books,South,Rep_015,30,180.69,5.0,,No,5149.66
10325,2022-10-23,Food,East,Rep_029,4,30.73,15.0,3.0,Yes,$104.48
10326,2022-10-24,Food,East,Rep_004,13,20.71,15.0,4.0,,
10327,2022-10-25,Home,West,Rep_020,23,214.55,0.0,2.0,No,4934.65
10328,2022-10-26,Home,Central,Rep_010,8,46.86,20.0,3.0,YES,299.9
10329,2022-10-27,Home,North,Rep_024,18,305.39,5.0,1.0,YES,5222.17
10330,2022-10-28,Home,Central,Rep_022,12,441.08,0.0,5.0,,5292.96
10331,2022-10-29,Home,Central,Rep_003,31,442.04,20.0,2.0,No,10962.59
10332,2022-10-30,Home,West,Rep_026,14,331.23,5.0,4.0,YES,4405.36
10333,2022-10-31,Sports,North,Rep_005,34,109.56,15.0,,No,3166.28
10334,2022-11-01,Food,West,Rep_006,18,432.18,5.0,,No,$7390.28
10335,2022-11-02,Home,North,Rep_021,34,443.62,,2.0,YES,$15083.08
10336,2022-11-02,Food,South,Rep_022,11,102.34,10.0,4.0,Yes,$1013.17
10337,2022-11-03,Food,North,Rep_008,41,370.03,5.0,2.0,YES,14412.67
10338,2022-11-04,Clothing,West,Rep_007,12,146.83,10.0,4.0,,1585.76
10339,2022-11-05,Sports,Central,Rep_021,49,402.31,5.0,,no,18727.53
10340,2022-11-06,Home,North,Rep_010,15,498.63,10.0,3.0,YES,6731.5
10341,2022-11-07,Electronics,North,Rep_006,31,19.86,,1.0,No,615.66
10342,2022-11-08,Books,East,Rep_014,49,449.2,15.0,3.0,No,18709.18
10343,2022-11-09,Electronics,Central,Rep_004,29,313.2,20.0,1.0,YES,7266.24
10344,2022-11-10,Sports,South,Rep_028,26,486.82,10.0,,no,11391.59
10345,2022-11-11,Books,West,Rep_025,18,235.18,,3.0,YES,4233.24
10346,2022-11-12,Sports,South,Rep_013,32,424.46,10.0,3.0,no,12224.45
10347,2022-11-12,Food,Central,Rep_020,22,35.89,15.0,2.0,no,
10348,2022-11-13,Books,North,Rep_017,38,170.96,10.0,5.0,,5846.83
10349,2022-11-14,Food,North,Rep_023,17,38.17,,,No,648.89
10350,2022-11-15,Electronics,Central,Rep_007,23,487.79,,4.0,No,11219.17
10351,2022-11-16,Electronics,North,Rep_004,24,,0.0,,no,9825.6
10352,2022-11-17,Books,North,Rep_029,8,427.01,15.0,4.0,No,2903.67
10353,2022-11-18,Books,North,Rep_014,41,469.29,0.0,4.0,Yes,19240.89
10354,2022-11-19,Home,West,Rep_003,6,47.13,15.0,1.0,no,
10355,2022-11-20,Sports,West,Rep_024,5,195.87,10.0,4.0,No,881.42
10356,2022-11-21,Home,East,Rep_005,44,40.16,,4.0,Yes,1767.04
10357,2022-11-22,Sports,South,Rep_016,29,109.34,0.0,2.0,,3170.86
10358,2022-11-23,Home,Central,Rep_026,28,118.54,10.0,3.0,No,2987.21
10359,2022-11-23,Food,Central,Rep_023,11,237.21,,,Yes,2609.31
10360,2022-11-24,Books,Central,Rep_020,1,137.94,15.0,,YES,117.25
10361,2022-11-25,Electronics,East,Rep_004,43,54.98,,4.0,YES,
10362,2022-11-26,Sports,West,Rep_024,19,87.91,10.0,5.0,Yes,1503.26
10363,2022-11-27,Sports,East,Rep_030,9,77.9,0.0,,no,701.1
10364,2022-11-28,Electronics,Central,Rep_024,27,486.67,0.0,4.0,no,13140.09
10365,2022-11-29,Home,South,Rep_002,34,,,1.0,No,$12948.90
10366,2022-11-30,Sports,North,Rep_030,44,484.04,10.0,1.0,YES,19167.98
10367,2022-12-01,Food,West,Rep_018,4,222.67,5.0,1.0,no,$846.15
10368,2022-12-02,Books,West,Rep_019,36,,15.0,4.0,no,4369.37
10369,2022-12-03,Electronics,East,Rep_028,18,400.16,15.0,2.0,YES,6122.45
10370,2022-12-03,Books,West,Rep_028,15,166.5,10.0,5.0,,2247.75
10371,2022-12-04,Sports,Central,Rep_019,13,153.19,5.0,4.0,no,$1891.90
10372,2022-12-05,Sports,Central,Rep_017,19,120.09,0.0,2.0,Yes,2281.71
10373,2022-12-06,Electronics,East,Rep_014,49,69.19,20.0,2.0,No,
10374,2022-12-07,Food,Central,Rep_019,6,131.95,20.0,,no,633.36
10375,2022-12-08,Clothing,South,Rep_022,48,180.88,10.0,4.0,no,7814.02
10376,2022-12-09,Electronics,East,Rep_024,12,338.63,5.0,4.0,,$3860.38
10377,2022-12-10,Clothing,South,Rep_013,37,35.97,5.0,2.0,Yes,1264.35
10378,2022-12-11,Home,North,Rep_012,17,109.2,15.0,2.0,No,1577.94
10379,2022-12-12,Clothing,South,Rep_030,23,,0.0,2.0,no,9325.81
10380,2022-12-13,Food,North,Rep_026,26,77.73,,,No,2020.98
10381,2022-12-14,Home,North,Rep_006,29,174.61,5.0,4.0,YES,4810.51
10382,2022-12-14,Clothing,South,Rep_021,33,433.01,,2.0,no,14289.33
10383,2022-12-15,Home,East,Rep_004,27,81.69,20.0,1.0,no,1764.5
10384,2022-12-16,Clothing,Central,Rep_019,25,45.95,,4.0,YES,1148.75
10385,2022-12-17,Food,Central,Rep_016,10,244.85,0.0,,,2448.5
10386,2022-12-18,Clothing,North,Rep_013,47,154.7,0.0,1.0,no,7270.9
10387,2022-12-19,Clothing,North,Rep_004,23,283.89,,3.0,No,6529.47
10388,2022-12-20,Clothing,East,Rep_030,21,402.88,10.0,4.0,Yes,7614.43
10389,2022-12-21,Electronics,West,Rep_023,21,72.89,5.0,3.0,No,1454.16
10390,2022-12-22,Electronics,South,Rep_017,43,292.45,10.0,2.0,,11317.82
10391,2022-12-23,Electronics,North,Rep_023,13,255.23,,,Yes,3317.99
10392,2022-12-24,Food,Central,Rep_001,37,76.32,5.0,2.0,No,2682.65
10393,2022-12-24,Home,East,Rep_018,33,313.88,15.0,,No,8804.33
10394,2022-12-25,Sports,South,Rep_020,24,,10.0,5.0,YES,
10395,2022-12-26,Clothing,East,Rep_017,44,246.48,10.0,2.0,,9760.61
10396,2022-12-27,Clothing,South,Rep_027,11,45.72,,3.0,YES,502.92
10397,2022-12-28,Food,South,Rep_028,17,232.49,20.0,,Yes,3161.86
10398,2022-12-29,Clothing,North,Rep_027,4,156.7,,2.0,YES,626.8
10399,2022-12-30,Electronics,East,Rep_015,47,412.08,10.0,4.0,,17430.98
10400,2022-12-31,Sports,East,Rep_011,25,33.2,5.0,,no,788.5
10401,2023-01-01,Books,Central,Rep_025,30,212.21,20.0,,no,5093.04
10402,2023-01-02,Clothing,Central,Rep_028,9,231.92,,2.0,Yes,$2087.28
10403,2023-01-03,Electronics,North,Rep_022,21,363.88,,5.0,no,7641.48
10404,2023-01-04,Books,North,Rep_013,20,289.27,10.0,2.0,YES,$5206.86
10405,2023-01-04,Sports,West,Rep_001,19,335.27,10.0,3.0,Yes,5733.12
10406,2023-01-05,Books,Central,Rep_017,19,389.64,15.0,3.0,,6292.69
10407,2023-01-06,Electronics,South,Rep_006,12,431.79,,,Yes,5181.48
10408,2023-01-07,Home,East,Rep_004,37,160.37,10.0,,Yes,5340.32
10409,2023-01-08,Home,North,Rep_020,42,271.32,0.0,2.0,No,11395.44
10410,2023-01-09,Books,East,Rep_016,17,420.85,20.0,3.0,No,5723.56
10411,2023-01-10,Food,East,Rep_015,37,494.78,0.0,3.0,Yes,18306.86
10412,2023-01-11,Books,West,Rep_027,48,445.31,20.0,5.0,no,17099.9
10413,2023-01-12,Clothing,Central,Rep_015,39,188.88,,4.0,No,
10414,2023-01-13,Clothing,North,Rep_006,28,101.61,15.0,5.0,,2418.32
10415,2023-01-14,Home,East,Rep_015,41,247.25,10.0,1.0,YES,9123.52
10416,2023-01-15,Food,North,Rep_014,35,372.11,10.0,5.0,No,11721.46
10417,2023-01-15,Electronics,South,Rep_028,47,248.82,10.0,2.0,Yes,10525.09
10418,2023-01-16,Clothing,West,Rep_011,48,244.17,,4.0,no,11720.16
10419,2023-01-17,Home,South,Rep_007,18,419.92,20.0,2.0,YES,6046.85
10420,2023-01-18,Sports,North,Rep_009,14,183.89,10.0,1.0,No,2317.01
10421,2023-01-19,Home,North,Rep_026,35,430.6,0.0,4.0,no,15071.0
10422,2023-01-20,Clothing,Central,Rep_016,44,206.37,10.0,,no,8172.25
10423,2023-01-21,Clothing,East,Rep_005,41,167.48,,3.0,no,6866.68
10424,2023-01-22,Home,East,Rep_025,7,229.73,15.0,5.0,Yes,1366.89
10425,2023-01-23,Electronics,South,Rep_020,41,382.41,0.0,2.0,,15678.81
10426,2023-01-24,Books,West,Rep_029,13,67.37,10.0,1.0,no,788.23
10427,2023-01-25,Clothing,East,Rep_010,18,102.23,10.0,3.0,YES,$1656.13
10428,2023-01-25,Home,Central,Rep_018,37,475.97,5.0,5.0,No,16730.35
10429,2023-01-26,Home,South,Rep_003,13,91.87,20.0,3.0,YES,955.45
10430,2023-01-27,Food,South,Rep_013,36,286.03,0.0,5.0,Yes,10297.08
10431,2023-01-28,Books,Central,Rep_011,31,291.76,5.0,,Yes,8592.33
10432,2023-01-29,Sports,West,Rep_017,2,247.36,15.0,4.0,YES,
10433,2023-01-30,Electronics,Central,Rep_030,16,324.15,20.0,3.0,,4149.12
10434,2023-01-31,Sports,West,Rep_030,9,118.76,0.0,3.0,Yes,1068.84
10435,2023-02-01,Books,Central,Rep_022,9,278.57,10.0,3.0,Yes,2256.42
10436,2023-02-02,Books,Central,Rep_013,38,189.23,0.0,4.0,YES,7190.74
10437,2023-02-03,Books,North,Rep_006,11,332.53,10.0,1.0,Yes,3292.05
10438,2023-02-04,Sports,South,Rep_017,22,74.91,20.0,5.0,,1318.42
10439,2023-02-05,Books,Central,Rep_027,33,287.58,10.0,,,8541.13
10440,2023-02-05,Home,Central,Rep_013,36,96.71,15.0,3.0,,$2959.33
10441,2023-02-06,Sports,East,Rep_019,45,142.93,,4.0,No,6431.85
10442,2023-02-07,Books,South,Rep_021,23,113.26,10.0,1.0,,2344.48
10443,2023-02-08,Home,East,Rep_019,45,95.5,15.0,5.0,,3652.88
10444,2023-02-09,Food,South,Rep_010,45,413.73,,4.0,No,18617.85
10445,2023-02-10,Books,East,Rep_003,34,146.43,20.0,,no,3982.9
10446,2023-02-11,Sports,Central,Rep_014,9,463.93,20.0,,Yes,3340.3
10447,2023-02-12,Clothing,Central,Rep_026,24,485.11,0.0,5.0,,11642.64
10448,2023-02-13,Books,North,Rep_019,8,287.77,15.0,3.0,Yes,1956.84
10449,2023-02-14,Clothing,East,Rep_005,7,75.79,15.0,,YES,450.95
10450,2023-02-15,Home,West,Rep_029,36,190.4,5.0,1.0,Yes,6511.68
10451,2023-02-15,Food,North,Rep_005,18,399.88,5.0,4.0,No,6837.95
10452,2023-02-16,Electronics,East,Rep_020,3,186.86,,1.0,Yes,560.58
10453,2023-02-17,Food,East,Rep_017,28,48.07,,3.0,Yes,1345.96
10454,2023-02-18,Books,North,Rep_021,6,280.61,5.0,1.0,Yes,1599.48
10455,2023-02-19,Clothing,Central,Rep_010,44,423.33,,1.0,no,18626.52
10456,2023-02-20,Clothing,East,Rep_005,44,398.98,10.0,2.0,no,15799.61
10457,2023-02-21,Sports,Central,Rep_004,21,91.69,5.0,1.0,YES,1829.22
10458,2023-02-22,Clothing,North,Rep_006,28,338.02,15.0,5.0,No,8044.88
10459,2023-02-23,Sports,Central,Rep_026,40,114.15,10.0,4.0,Yes,4109.4
10460,2023-02-24,Home,South,Rep_004,1,113.01,,2.0,Yes,113.01
10461,2023-02-25,Electronics,West,Rep_030,36,437.67,20.0,4.0,Yes,12604.9
10462,2023-02-26,Books,East,Rep_007,21,128.59,0.0,4.0,Yes,2700.39
10463,2023-02-26,Sports,West,Rep_007,43,135.31,5.0,3.0,no,5527.41
10464,2023-02-27,Electronics,Central,Rep_018,35,,20.0,3.0,YES,148.96
10465,2023-02-28,Clothing,East,Rep_003,13,435.98,,2.0,,5667.74
10466,2023-03-01,Clothing,Central,Rep_001,49,397.33,15.0,,No,16548.79
10467,2023-03-02,Electronics,South,Rep_024,10,315.53,0.0,3.0,Yes,3155.3
10468,2023-03-03,Clothing,North,Rep_025,44,376.38,20.0,3.0,YES,
10469,2023-03-04,Home,East,Rep_004,47,80.26,0.0,3.0,,3772.22
10470,2023-03-05,Home,South,Rep_006,10,231.87,5.0,4.0,YES,2202.76
10471,2023-03-06,Electronics,South,Rep_009,46,178.85,,2.0,no,8227.1
10472,2023-03-07,Sports,East,Rep_022,13,51.42,15.0,4.0,,568.19
10473,2023-03-08,Sports,Central,Rep_014,37,245.63,,5.0,YES,9088.31
10474,2023-03-08,Electronics,South,Rep_028,38,460.77,0.0,4.0,no,17509.26
10475,2023-03-09,Sports,West,Rep_012,24,,20.0,5.0,YES,476.74
10476,2023-03-10,Sports,South,Rep_028,2,149.27,5.0,1.0,YES,283.61
10477,2023-03-11,Home,Central,Rep_025,22,107.73,5.0,1.0,,2251.56
10478,2023-03-12,Sports,Central,Rep_020,17,122.88,,5.0,no,
10479,2023-03-13,Food,West,Rep_024,36,454.68,20.0,5.0,Yes,13094.78
10480,2023-03-14,Books,South,Rep_025,14,,20.0,4.0,No,2650.93
10481,2023-03-15,Clothing,Central,Rep_004,10,235.82,0.0,5.0,,2358.2
10482,2023-03-16,Food,East,Rep_021,35,381.48,,2.0,no,13351.8
10483,2023-03-17,Sports,North,Rep_030,25,81.47,,1.0,YES,2036.75
10484,2023-03-18,Home,North,Rep_024,3,246.2,10.0,1.0,no,664.74
10485,2023-03-19,Electronics,North,Rep_012,47,217.84,,,No,10238.48
10486,2023-03-19,Sports,South,Rep_010,38,300.47,5.0,5.0,No,10846.97
10487,2023-03-20,Home,West,Rep_030,17,499.78,0.0,3.0,Yes,8496.26
10488,2023-03-21,Books,Central,Rep_022,12,385.88,20.0,3.0,Yes,3704.45
10489,2023-03-22,Sports,East,Rep_028,24,201.94,,5.0,No,$4846.56
10490,2023-03-23,Electronics,East,Rep_007,29,414.64,0.0,2.0,,12024.56
10491,2023-03-24,Home,South,Rep_003,43,89.5,,3.0,,3848.5
10492,2023-03-25,Home,North,Rep_023,25,20.08,20.0,,YES,401.6
10493,2023-03-26,Home,South,Rep_028,36,106.2,15.0,5.0,Yes,3249.72
10494,2023-03-27,Books,West,Rep_014,26,173.5,20.0,2.0,YES,3608.8
10495,2023-03-28,Sports,West,Rep_024,38,257.74,20.0,2.0,Yes,7835.3
10496,2023-03-29,Books,Central,Rep_010,1,309.49,20.0,4.0,No,247.59
10497,2023-03-29,Clothing,Central,Rep_016,20,455.75,,2.0,,9115.0
10498,2023-03-30,Clothing,West,Rep_016,28,257.38,10.0,3.0,,6485.98
10499,2023-03-31,Sports,West,Rep_022,16,253.13,20.0,3.0,No,3240.06
10500,2023-04-01,Books,West,Rep_010,47,29.87,5.0,5.0,YES,1333.7
10501,2023-04-02,Electronics,South,Rep_025,17,22.28,5.0,5.0,YES,359.82
10502,2023-04-03,Home,West,Rep_013,40,277.82,0.0,2.0,no,11112.8
10503,2023-04-04,Home,East,Rep_006,28,221.9,10.0,,Yes,5591.88
10504,2023-04-05,Sports,North,Rep_012,12,420.39,0.0,1.0,YES,5044.68
10505,2023-04-06,Clothing,West,Rep_009,27,84.54,5.0,4.0,No,$2168.45
10506,2023-04-07,Clothing,North,Rep_013,42,17.36,5.0,1.0,YES,692.66
10507,2023-04-08,Home,South,Rep_004,47,227.27,15.0,2.0,,9079.44
10508,2023-04-09,Sports,North,Rep_024,30,122.55,20.0,2.0,Yes,
10509,2023-04-09,Books,South,Rep_011,41,29.56,5.0,1.0,no,1151.36
10510,2023-04-10,Clothing,East,Rep_020,34,363.68,,4.0,Yes,12365.12
10511,2023-04-11,Books,South,Rep_018,37,60.24,,1.0,,$2228.88
10512,2023-04-12,Clothing,South,Rep_026,6,306.12,0.0,5.0,,1836.72
10513,2023-04-13,Clothing,Central,Rep_011,7,144.12,0.0,3.0,,1008.84
10514,2023-04-14,Food,West,Rep_025,32,90.88,20.0,,,$2326.53
10515,2023-04-15,Clothing,West,Rep_021,32,192.98,20.0,5.0,No,4940.29
10516,2023-04-16,Electronics,East,Rep_004,25,401.72,15.0,3.0,no,8536.55
10517,2023-04-17,Sports,East,Rep_018,33,199.09,10.0,,,5912.97
10518,2023-04-18,Sports,West,Rep_001,7,376.63,0.0,,,
10519,2023-04-19,Books,Central,Rep_027,12,67.12,20.0,,YES,
10520,2023-04-19,Clothing,West,Rep_007,16,387.52,0.0,2.0,no,6200.32
10521,2023-04-20,Electronics,Central,Rep_006,16,122.28,20.0,,Yes,$1565.18
10522,2023-04-21,Books,East,Rep_015,43,340.31,5.0,4.0,no,13901.66
10523,2023-04-22,Food,North,Rep_018,36,285.06,0.0,1.0,no,10262.16
10524,2023-04-23,Books,East,Rep_024,13,464.93,5.0,4.0,no,5741.89
10525,2023-04-24,Books,East,Rep_011,7,196.72,0.0,1.0,,1377.04
10526,2023-04-25,Clothing,South,Rep_020,36,37.75,10.0,5.0,,1223.1
10527,2023-04-26,Food,South,Rep_024,47,14.48,15.0,5.0,No,578.48
10528,2023-04-27,Books,South,Rep_015,9,414.29,,1.0,Yes,3728.61
10529,2023-04-28,Electronics,South,Rep_016,32,264.74,,4.0,YES,8471.68
10530,2023-04-29,Electronics,Central,Rep_007,11,388.75,,1.0,no,4276.25
10531,2023-04-30,Sports,West,Rep_021,8,121.04,5.0,,Yes,919.9
10532,2023-04-30,Food,North,Rep_010,33,175.82,20.0,2.0,Yes,4641.65
10533,2023-05-01,Food,East,Rep_026,23,19.9,,5.0,No,457.7
10534,2023-05-02,Sports,Central,Rep_012,25,480.94,10.0,2.0,YES,$10821.15
10535,2023-05-03,Books,North,Rep_024,8,335.59,,,no,2684.72
10536,2023-05-04,Food,Central,Rep_014,45,466.94,0.0,,YES,21012.3
10537,2023-05-05,Electronics,Central,Rep_025,22,136.42,5.0,5.0,No,2851.18
10538,2023-05-06,Electronics,East,Rep_005,4,307.67,0.0,5.0,,$1230.68
10539,2023-05-07,Clothing,West,Rep_026,40,340.86,0.0,,Yes,13634.4
10540,2023-05-08,Food,South,Rep_021,3,162.19,0.0,3.0,no,486.57
10541,2023-05-09,Books,West,Rep_018,29,424.81,15.0,2.0,,10471.57
10542,2023-05-10,Sports,East,Rep_005,41,,15.0,2.0,No,16513.32
10543,2023-05-10,Sports,East,Rep_003,29,443.0,20.0,3.0,YES,
10544,2023-05-11,Books,East,Rep_023,34,370.84,5.0,4.0,Yes,11978.13
10545,2023-05-12,Home,North,Rep_026,34,142.35,10.0,2.0,no,4355.91
10546,2023-05-13,Clothing,West,Rep_005,28,,10.0,1.0,,3638.88
10547,2023-05-14,Sports,West,Rep_024,13,481.86,10.0,,,5637.76
10548,2023-05-15,Food,Central,Rep_017,15,10.09,0.0,,Yes,151.35
10549,2023-05-16,Clothing,Central,Rep_019,23,,15.0,3.0,YES,7027.05
10550,2023-05-17,Food,Central,Rep_019,44,354.59,5.0,2.0,No,14821.86
10551,2023-05-18,Electronics,East,Rep_025,26,313.23,0.0,4.0,YES,8143.98
10552,2023-05-19,Clothing,West,Rep_021,4,495.1,15.0,2.0,YES,$1683.34
10553,2023-05-20,Sports,East,Rep_012,26,159.38,15.0,,YES,
10554,2023-05-21,Clothing,North,Rep_025,40,,,5.0,Yes,6931.6
10555,2023-05-21,Clothing,Central,Rep_029,9,44.08,,1.0,Yes,396.72
10556,2023-05-22,Clothing,East,Rep_009,5,224.19,5.0,3.0,No,1064.9
10557,2023-05-23,Home,East,Rep_001,32,134.22,5.0,5.0,YES,4080.29
10558,2023-05-24,Clothing,North,Rep_018,20,174.98,5.0,4.0,Yes,3324.62
10559,2023-05-25,Food,South,Rep_021,11,418.11,0.0,5.0,No,
10560,2023-05-26,Electronics,West,Rep_004,15,468.06,20.0,5.0,No,5616.72
10561,2023-05-27,Books,South,Rep_010,32,96.94,5.0,4.0,YES,
10562,2023-05-28,Clothing,Central,Rep_025,28,189.39,,5.0,no,5302.92
10563,2023-05-29,Sports,East,Rep_007,22,464.67,20.0,3.0,YES,8178.19
10564,2023-05-30,Clothing,North,Rep_022,41,35.6,0.0,,no,1459.6
10565,2023-05-31,Sports,North,Rep_023,17,50.72,20.0,2.0,No,689.79
10566,2023-05-31,Food,West,Rep_001,26,85.58,10.0,5.0,Yes,$2002.57
10567,2023-06-01,Sports,South,Rep_017,44,299.63,20.0,3.0,,10546.98
10568,2023-06-02,Books,West,Rep_024,7,79.48,5.0,2.0,No,528.54
10569,2023-06-03,Electronics,East,Rep_029,42,484.2,0.0,2.0,Yes,$20336.40
10570,2023-06-04,Sports,West,Rep_029,26,226.12,5.0,5.0,No,5585.16
10571,2023-06-05,Sports,North,Rep_002,25,,,3.0,YES,6331.25
10572,2023-06-06,Electronics,North,Rep_028,10,127.1,10.0,,no,1143.9
10573,2023-06-07,Books,Central,Rep_026,45,,,5.0,No,10715.85
10574,2023-06-08,Clothing,Central,Rep_011,19,332.65,5.0,4.0,Yes,6004.33
10575,2023-06-09,Sports,East,Rep_009,11,,5.0,2.0,YES,3937.87
10576,2023-06-10,Electronics,South,Rep_007,13,378.16,5.0,5.0,,4670.28
10577,2023-06-11,Food,West,Rep_022,8,291.06,15.0,2.0,YES,1979.21
10578,2023-06-11,Electronics,East,Rep_017,40,452.66,10.0,3.0,no,16295.76
10579,2023-06-12,Food,Central,Rep_017,4,409.62,5.0,1.0,YES,1556.56
10580,2023-06-13,Books,West,Rep_002,47,379.74,5.0,5.0,,16955.39
10581,2023-06-14,Clothing,Central,Rep_006,31,32.52,,,Yes,1008.12
10582,2023-06-15,Electronics,West,Rep_014,28,8.4,,5.0,No,235.2
10583,2023-06-16,Home,South,Rep_006,11,110.16,5.0,2.0,no,1151.17
10584,2023-06-17,Sports,East,Rep_002,43,333.44,0.0,3.0,,14337.92
10585,2023-06-18,Books,West,Rep_001,1,208.54,15.0,4.0,no,177.26
10586,2023-06-19,Electronics,North,Rep_010,49,204.19,,,YES,10005.31
10587,2023-06-20,Sports,North,Rep_021,47,442.87,0.0,3.0,no,20814.89
10588,2023-06-21,Electronics,West,Rep_005,38,448.3,15.0,5.0,,14480.09
10589,2023-06-21,Food,West,Rep_002,24,455.04,5.0,4.0,No,10374.91
10590,2023-06-22,Electronics,West,Rep_022,47,160.37,10.0,3.0,No,6783.65
10591,2023-06-23,Home,North,Rep_016,31,347.07,20.0,1.0,no,8607.34
10592,2023-06-24,Electronics,North,Rep_025,41,139.46,20.0,,Yes,4574.29
10593,2023-06-25,Electronics,West,Rep_002,46,99.35,5.0,2.0,no,4341.59
10594,2023-06-26,Home,Central,Rep_010,26,96.39,,3.0,YES,2506.14
10595,2023-06-27,Books,Central,Rep_002,49,174.34,0.0,3.0,No,8542.66
10596,2023-06-28,Electronics,South,Rep_016,5,217.83,10.0,1.0,No,980.24
10597,2023-06-29,Home,East,Rep_016,20,,15.0,5.0,No,7077.44
10598,2023-06-30,Sports,Central,Rep_019,41,64.35,5.0,,Yes,2506.43
10599,2023-07-01,Food,North,Rep_029,11,368.79,10.0,,Yes,3651.02
10600,2023-07-02,Food,Central,Rep_007,33,268.07,10.0,2.0,,$7961.68
10601,2023-07-02,Electronics,South,Rep_022,38,147.53,,3.0,no,5606.14
10602,2023-07-03,Books,South,Rep_012,27,248.95,15.0,4.0,no,5713.4
10603,2023-07-04,Books,East,Rep_024,34,153.47,10.0,3.0,YES,4696.18
10604,2023-07-05,Sports,Central,Rep_015,15,300.06,,2.0,No,4500.9
10605,2023-07-06,Electronics,North,Rep_008,32,219.75,0.0,3.0,Yes,7032.0
10606,2023-07-07,Food,North,Rep_006,21,86.38,,1.0,YES,1813.98
10607,2023-07-08,Books,West,Rep_028,46,62.71,0.0,3.0,YES,2884.66
10608,2023-07-09,Electronics,North,Rep_027,5,275.61,0.0,3.0,Yes,1378.05
10609,2023-07-10,Books,East,Rep_010,6,451.69,10.0,4.0,no,2439.13
10610,2023-07-11,Home,East,Rep_003,38,175.26,,1.0,No,6659.88
10611,2023-07-12,Books,North,Rep_019,22,367.84,0.0,1.0,no,$8092.48
10612,2023-07-13,Food,North,Rep_017,18,331.04,15.0,3.0,YES,5064.91
10613,2023-07-13,Clothing,West,Rep_007,14,466.12,10.0,,No,5873.11
10614,2023-07-14,Sports,North,Rep_021,10,411.39,,4.0,,4113.9
10615,2023-07-15,Sports,West,Rep_020,46,285.47,,3.0,YES,13131.62
10616,2023-07-16,Food,West,Rep_026,13,330.23,20.0,3.0,no,
10617,2023-07-17,Books,North,Rep_004,31,449.7,,2.0,no,13940.7
10618,2023-07-18,Electronics,South,Rep_014,30,202.76,10.0,2.0,no,5474.52
10619,2023-07-19,Books,South,Rep_020,3,166.76,15.0,,Yes,425.24
10620,2023-07-20,Food,West,Rep_022,30,10.35,,4.0,YES,310.5
10621,2023-07-21,Sports,North,Rep_015,6,414.14,20.0,5.0,No,1987.87
10622,2023-07-22,Books,South,Rep_024,29,401.49,10.0,2.0,no,10478.89
10623,2023-07-23,Sports,North,Rep_008,8,56.7,0.0,5.0,no,453.6
10624,2023-07-23,Electronics,North,Rep_021,44,290.54,5.0,1.0,Yes,12144.57
10625,2023-07-24,Sports,North,Rep_015,45,,5.0,2.0,No,10032.14
10626,2023-07-25,Sports,Central,Rep_022,43,63.76,0.0,2.0,YES,2741.68
10627,2023-07-26,Clothing,North,Rep_020,44,490.38,,4.0,,$21576.72
10628,2023-07-27,Clothing,Central,Rep_028,33,111.27,5.0,,Yes,3488.31
10629,2023-07-28,Home,West,Rep_014,17,38.28,5.0,5.0,YES,618.22
10630,2023-07-29,Clothing,South,Rep_027,48,299.45,0.0,2.0,,14373.6
10631,2023-07-30,Sports,South,Rep_029,11,370.74,,2.0,no,4078.14
10632,2023-07-31,Food,South,Rep_009,13,21.06,,4.0,no,273.78
10633,2023-08-01,Sports,South,Rep_008,11,331.07,0.0,4.0,No,3641.77
10634,2023-08-02,Food,South,Rep_026,31,268.48,,,,8322.88
10635,2023-08-03,Food,South,Rep_028,28,56.12,,5.0,no,1571.36
10636,2023-08-03,Clothing,South,Rep_026,44,90.4,10.0,1.0,no,3579.84
10637,2023-08-04,Books,West,Rep_017,6,286.15,10.0,,No,$1545.21
10638,2023-08-05,Electronics,North,Rep_002,41,151.7,0.0,1.0,YES,6219.7
10639,2023-08-06,Clothing,East,Rep_025,16,469.47,15.0,3.0,no,$6384.79
10640,2023-08-07,Clothing,Central,Rep_024,4,410.28,5.0,2.0,Yes,1559.06
10641,2023-08-08,Books,East,Rep_030,35,491.87,10.0,5.0,Yes,
10642,2023-08-09,Electronics,East,Rep_003,48,133.54,5.0,,YES,6089.42
10643,2023-08-10,Sports,North,Rep_008,26,485.01,20.0,2.0,,10088.21
10644,2023-08-11,Home,North,Rep_012,12,218.46,0.0,5.0,No,2621.52
10645,2023-08-12,Home,North,Rep_001,11,177.02,15.0,5.0,Yes,1655.14
10646,2023-08-13,Sports,South,Rep_010,37,29.92,20.0,5.0,Yes,885.63
10647,2023-08-13,Clothing,West,Rep_020,25,,20.0,2.0,YES,622.4
10648,2023-08-14,Electronics,South,Rep_003,18,347.55,,,,6255.9
10649,2023-08-15,Clothing,West,Rep_006,19,231.67,20.0,4.0,,3521.38
10650,2023-08-16,Food,West,Rep_007,23,117.13,0.0,2.0,YES,2693.99
10651,2023-08-17,Clothing,East,Rep_020,38,308.92,10.0,5.0,Yes,10565.06
10652,2023-08-18,Clothing,East,Rep_023,18,130.16,0.0,,No,$2342.88
10653,2023-08-19,Sports,West,Rep_025,26,,10.0,3.0,Yes,6807.76
10654,2023-08-20,Sports,West,Rep_027,6,182.81,20.0,1.0,,877.49
10655,2023-08-21,Sports,South,Rep_018,4,412.66,20.0,5.0,Yes,$1320.51
10656,2023-08-22,Home,South,Rep_011,44,411.24,15.0,3.0,No,15380.38
10657,2023-08-23,Food,East,Rep_019,29,241.29,10.0,4.0,no,6297.67
10658,2023-08-24,Sports,North,Rep_005,34,178.66,20.0,5.0,Yes,$4859.55
10659,2023-08-24,Electronics,West,Rep_019,17,184.47,,3.0,YES,3135.99
10660,2023-08-25,Home,South,Rep_011,43,403.83,5.0,5.0,no,16496.46
10661,2023-08-26,Books,East,Rep_024,43,167.45,15.0,2.0,YES,6120.3
10662,2023-08-27,Electronics,South,Rep_012,16,108.48,0.0,,YES,1735.68
10663,2023-08-28,Electronics,West,Rep_010,2,46.92,15.0,3.0,YES,79.76
10664,2023-08-29,Sports,West,Rep_008,34,236.01,5.0,,Yes,7623.12
10665,2023-08-30,Books,Central,Rep_024,8,243.66,10.0,2.0,,1754.35
10666,2023-08-31,Books,North,Rep_028,13,,0.0,2.0,no,5476.25
10667,2023-09-01,Home,Central,Rep_028,42,114.51,0.0,,No,4809.42
10668,2023-09-02,Books,East,Rep_009,8,193.59,10.0,3.0,,1393.85
10669,2023-09-03,Food,South,Rep_004,30,405.16,15.0,,Yes,10331.58
10670,2023-09-03,Sports,East,Rep_005,32,412.69,20.0,,YES,10564.86
10671,2023-09-04,Books,West,Rep_021,36,195.38,15.0,1.0,No,5978.63
10672,2023-09-05,Home,Central,Rep_008,47,232.27,5.0,3.0,no,
10673,2023-09-06,Food,Central,Rep_023,30,155.13,,1.0,,4653.9
10674,2023-09-07,Clothing,Central,Rep_009,1,466.61,20.0,5.0,,373.29
10675,2023-09-08,Clothing,East,Rep_015,43,63.73,15.0,,No,$2329.33
10676,2023-09-09,Food,West,Rep_015,39,,,5.0,Yes,18221.19
10677,2023-09-10,Home,South,Rep_016,17,343.51,,3.0,no,5839.67
10678,2023-09-11,Food,South,Rep_014,20,268.13,10.0,,No,4826.34
10679,2023-09-12,Sports,East,Rep_008,24,21.17,5.0,5.0,YES,482.68
10680,2023-09-13,Sports,Central,Rep_018,22,240.42,5.0,4.0,no,$5024.78
10681,2023-09-14,Clothing,North,Rep_010,29,206.84,5.0,2.0,,5698.44
10682,2023-09-14,Books,East,Rep_028,22,84.8,20.0,,No,1492.48
10683,2023-09-15,Home,East,Rep_020,44,329.92,0.0,2.0,,14516.48
10684,2023-09-16,Clothing,West,Rep_006,9,485.72,20.0,1.0,,3497.18
10685,2023-09-17,Books,South,Rep_012,37,283.28,15.0,5.0,,8909.16
10686,2023-09-18,Books,East,Rep_002,10,358.8,,1.0,Yes,3588.0
10687,2023-09-19,Sports,East,Rep_007,36,38.88,,,,1399.68
10688,2023-09-20,Electronics,Central,Rep_016,37,211.75,0.0,2.0,YES,7834.75
10689,2023-09-21,Electronics,Central,Rep_003,28,62.6,15.0,2.0,YES,1489.88
10690,2023-09-22,Food,North,Rep_013,28,308.33,0.0,5.0,no,8633.24
10691,2023-09-23,Sports,West,Rep_003,42,469.55,,,,19721.1
10692,2023-09-24,Books,North,Rep_027,43,332.58,20.0,4.0,,11440.75
10693,2023-09-24,Home,Central,Rep_018,21,,5.0,4.0,No,858.25
10694,2023-09-25,Electronics,South,Rep_011,24,180.56,,5.0,Yes,4333.44
10695,2023-09-26,Books,Central,Rep_008,42,277.58,10.0,,no,
10696,2023-09-27,Electronics,West,Rep_006,40,204.59,5.0,5.0,,7774.42
10697,2023-09-28,Electronics,Central,Rep_001,2,417.65,,,No,
10698,2023-09-29,Electronics,West,Rep_028,8,408.26,20.0,1.0,Yes,2612.86
10699,2023-09-30,Home,West,Rep_001,48,307.86,0.0,5.0,no,14777.28
10700,2023-10-01,Sports,West,Rep_023,27,189.86,5.0,,no,4869.91
10701,2023-10-02,Home,West,Rep_008,22,131.39,20.0,4.0,,2312.46
10702,2023-10-03,Clothing,West,Rep_005,37,57.41,15.0,,no,1805.54
10703,2023-10-04,Books,South,Rep_028,27,180.67,10.0,,No,4390.28
10704,2023-10-05,Sports,North,Rep_016,29,209.52,5.0,5.0,no,5772.28
10705,2023-10-05,Sports,East,Rep_011,3,339.53,0.0,1.0,YES,$1018.59
10706,2023-10-06,Sports,North,Rep_005,44,330.79,15.0,1.0,No,12371.55
10707,2023-10-07,Sports,West,Rep_004,13,39.7,20.0,1.0,Yes,412.88
10708,2023-10-08,Home,South,Rep_030,45,200.65,10.0,1.0,Yes,8126.32
10709,2023-10-09,Sports,Central,Rep_006,10,94.98,0.0,3.0,,949.8
10710,2023-10-10,Food,South,Rep_014,36,82.62,20.0,5.0,,2379.46
10711,2023-10-11,Books,West,Rep_022,9,414.51,20.0,2.0,YES,
10712,2023-10-12,Sports,South,Rep_019,27,25.75,5.0,5.0,Yes,660.49
10713,2023-10-13,Books,South,Rep_009,34,,5.0,3.0,Yes,6863.75
10714,2023-10-14,Food,West,Rep_012,1,88.26,0.0,1.0,Yes,88.26
10715,2023-10-15,Food,South,Rep_011,32,440.27,,3.0,Yes,14088.64
10716,2023-10-15,Books,East,Rep_014,25,280.74,,4.0,no,7018.5
10717,2023-10-16,Electronics,East,Rep_023,29,119.53,20.0,4.0,No,2773.1
10718,2023-10-17,Clothing,South,Rep_016,7,253.7,5.0,5.0,No,1687.1
10719,2023-10-18,Electronics,Central,Rep_001,49,367.09,10.0,5.0,YES,16188.67
10720,2023-10-19,Electronics,West,Rep_013,3,479.27,10.0,2.0,no,1294.03
10721,2023-10-20,Home,East,Rep_023,20,114.12,20.0,2.0,Yes,$1825.92
10722,2023-10-21,Electronics,Central,Rep_021,20,443.66,5.0,4.0,Yes,
10723,2023-10-22,Sports,South,Rep_021,30,,0.0,1.0,,14024.4
10724,2023-10-23,Home,Central,Rep_030,35,458.63,0.0,3.0,,$16052.05
10725,2023-10-24,Home,North,Rep_013,35,319.53,0.0,2.0,YES,11183.55
10726,2023-10-25,Food,East,Rep_002,49,316.76,10.0,,Yes,13969.12
10727,2023-10-26,Electronics,South,Rep_004,39,204.59,5.0,2.0,YES,7580.06
10728,2023-10-26,Food,West,Rep_028,27,377.44,5.0,1.0,no,$9681.34
10729,2023-10-27,Books,South,Rep_006,26,267.99,10.0,1.0,No,6270.97
10730,2023-10-28,Clothing,West,Rep_026,14,340.33,0.0,5.0,Yes,4764.62
10731,2023-10-29,Home,South,Rep_027,17,217.09,0.0,3.0,no,
10732,2023-10-30,Books,Central,Rep_023,18,367.09,20.0,1.0,Yes,5286.1
10733,2023-10-31,Books,Central,Rep_027,45,413.11,,2.0,,18589.95
10734,2023-11-01,Sports,Central,Rep_005,29,77.49,15.0,2.0,YES,1910.13
10735,2023-11-02,Clothing,North,Rep_025,20,417.3,,4.0,,8346.0
10736,2023-11-03,Books,West,Rep_003,27,272.45,5.0,1.0,No,6988.34
10737,2023-11-04,Books,Central,Rep_001,18,423.11,5.0,,,7235.18
10738,2023-11-05,Clothing,North,Rep_004,4,218.49,5.0,5.0,Yes,830.26
10739,2023-11-05,Clothing,West,Rep_025,1,192.63,,3.0,,192.63
10740,2023-11-06,Books,South,Rep_020,1,457.96,15.0,,Yes,$389.27
10741,2023-11-07,Clothing,North,Rep_002,26,129.33,20.0,5.0,No,2690.06
10742,2023-11-08,Books,East,Rep_026,45,422.89,,2.0,,19030.05
10743,2023-11-09,Books,North,Rep_030,20,244.59,15.0,,YES,4158.03
10744,2023-11-10,Sports,North,Rep_030,23,259.48,0.0,5.0,YES,5968.04
10745,2023-11-11,Electronics,West,Rep_005,10,157.69,0.0,2.0,YES,$1576.90
10746,2023-11-12,Books,South,Rep_003,11,288.66,5.0,2.0,,
10747,2023-11-13,Food,East,Rep_029,41,165.98,10.0,2.0,,6124.66
10748,2023-11-14,Home,Central,Rep_028,41,24.44,5.0,2.0,,951.94
10749,2023-11-15,Electronics,Central,Rep_029,5,139.64,10.0,2.0,Yes,$628.38
10750,2023-11-16,Electronics,North,Rep_009,1,8.16,15.0,4.0,No,6.94
10751,2023-11-16,Electronics,West,Rep_020,17,489.29,0.0,,YES,$8317.93
10752,2023-11-17,Sports,West,Rep_006,22,483.04,,5.0,Yes,10626.88
10753,2023-11-18,Books,Central,Rep_018,34,200.6,10.0,4.0,YES,6138.36
10754,2023-11-19,Sports,East,Rep_006,45,365.54,15.0,4.0,Yes,13981.9
10755,2023-11-20,Books,South,Rep_019,41,176.17,0.0,1.0,,7222.97
10756,2023-11-21,Sports,East,Rep_028,29,337.19,,1.0,YES,$9778.51
10757,2023-11-22,Sports,South,Rep_012,4,403.69,10.0,1.0,,1453.28
10758,2023-11-23,Home,Central,Rep_025,5,473.64,5.0,3.0,YES,2249.79
10759,2023-11-24,Food,South,Rep_011,11,203.11,5.0,1.0,no,2122.5
10760,2023-11-25,Sports,West,Rep_002,21,392.73,5.0,5.0,Yes,7834.96
10761,2023-11-26,Home,North,Rep_015,35,136.63,15.0,4.0,no,4064.74
10762,2023-11-26,Clothing,North,Rep_012,12,495.21,5.0,5.0,Yes,5645.39
10763,2023-11-27,Food,Central,Rep_012,26,17.76,20.0,,No,369.41
10764,2023-11-28,Sports,West,Rep_009,19,303.75,0.0,1.0,YES,5771.25
10765,2023-11-29,Electronics,East,Rep_021,45,331.46,15.0,3.0,No,12678.34
10766,2023-11-30,Clothing,West,Rep_024,7,,,,No,2419.06
10767,2023-12-01,Clothing,North,Rep_002,47,64.59,5.0,3.0,Yes,2883.94
10768,2023-12-02,Home,North,Rep_022,7,469.57,0.0,,no,3286.99
10769,2023-12-03,Clothing,West,Rep_003,26,94.69,10.0,4.0,,2215.75
10770,2023-12-04,Food,West,Rep_012,40,313.26,5.0,5.0,Yes,$11903.88
10771,2023-12-05,Sports,North,Rep_028,5,115.22,0.0,2.0,,576.1
10772,2023-12-06,Sports,East,Rep_030,21,157.07,20.0,5.0,No,2638.78
10773,2023-12-07,Electronics,Central,Rep_026,14,275.5,10.0,1.0,,3471.3
10774,2023-12-07,Home,Central,Rep_016,4,211.51,20.0,2.0,no,676.83
10775,2023-12-08,Electronics,West,Rep_021,23,84.31,,3.0,Yes,$1939.13
10776,2023-12-09,Clothing,Central,Rep_028,42,89.61,0.0,4.0,no,3763.62
10777,2023-12-10,Electronics,North,Rep_024,20,211.98,20.0,4.0,no,3391.68
10778,2023-12-11,Food,North,Rep_026,15,379.86,,3.0,Yes,5697.9
10779,2023-12-12,Sports,West,Rep_030,45,449.49,0.0,1.0,no,20227.05
10780,2023-12-13,Clothing,West,Rep_001,29,46.64,0.0,3.0,YES,1352.56
10781,2023-12-14,Electronics,West,Rep_021,8,199.59,20.0,,YES,1277.38
10782,2023-12-15,Home,East,Rep_003,41,54.62,0.0,1.0,YES,
10783,2023-12-16,Food,Central,Rep_020,48,,5.0,2.0,,602.38
10784,2023-12-17,Food,West,Rep_002,19,332.55,0.0,3.0,no,$6318.45
10785,2023-12-17,Electronics,South,Rep_009,48,303.21,15.0,1.0,Yes,12370.97
10786,2023-12-18,Sports,South,Rep_019,39,85.69,,2.0,Yes,3341.91
10787,2023-12-19,Electronics,North,Rep_015,46,120.74,0.0,3.0,,
10788,2023-12-20,Clothing,Central,Rep_018,28,16.74,15.0,4.0,Yes,398.41
10789,2023-12-21,Electronics,West,Rep_026,46,418.3,0.0,3.0,YES,
10790,2023-12-22,Food,South,Rep_011,27,487.47,0.0,5.0,no,13161.69
10791,2023-12-23,Electronics,Central,Rep_025,4,72.05,20.0,3.0,Yes,230.56
10792,2023-12-24,Sports,North,Rep_023,15,,5.0,5.0,Yes,1704.02
10793,2023-12-25,Home,East,Rep_016,35,434.86,,2.0,No,15220.1
10794,2023-12-26,Books,Central,Rep_022,37,,5.0,3.0,No,16295.54
10795,2023-12-27,Electronics,Central,Rep_017,1,212.72,10.0,2.0,No,
10796,2023-12-28,Sports,East,Rep_005,3,30.06,20.0,2.0,no,72.14
10797,2023-12-28,Sports,Central,Rep_012,47,24.5,20.0,1.0,YES,921.2
10798,2023-12-29,Home,North,Rep_011,24,289.11,5.0,2.0,YES,6591.71
10799,2023-12-30,Food,North,Rep_030,27,199.48,20.0,2.0,YES,4308.77
10800,2023-12-31,Sports,East,Rep_015,40,19.18,5.0,3.0,no,
10801,2024-01-01,Sports,West,Rep_027,36,293.71,20.0,3.0,no,8458.85
10802,2024-01-02,Sports,South,Rep_003,34,10.59,0.0,4.0,No,360.06
10803,2024-01-03,Sports,West,Rep_001,29,394.75,5.0,1.0,Yes,$10875.36
10804,2024-01-04,Clothing,Central,Rep_020,24,156.68,5.0,2.0,,$3572.30
10805,2024-01-05,Clothing,South,Rep_029,24,24.93,15.0,1.0,,508.57
10806,2024-01-06,Food,East,Rep_016,42,,20.0,5.0,Yes,
10807,2024-01-07,Electronics,East,Rep_002,4,201.85,20.0,2.0,No,645.92
10808,2024-01-08,Sports,South,Rep_002,3,487.03,5.0,1.0,Yes,1388.04
10809,2024-01-08,Home,North,Rep_003,34,274.38,0.0,4.0,Yes,9328.92
10810,2024-01-09,Electronics,South,Rep_008,49,141.24,0.0,4.0,,6920.76
10811,2024-01-10,Home,Central,Rep_024,23,356.17,,2.0,No,8191.91
10812,2024-01-11,Electronics,North,Rep_028,23,139.39,0.0,5.0,no,$3205.97
10813,2024-01-12,Food,East,Rep_015,45,452.6,20.0,4.0,,16293.6
10814,2024-01-13,Sports,South,Rep_007,5,190.49,15.0,4.0,no,809.58
10815,2024-01-14,Sports,West,Rep_006,31,277.18,5.0,5.0,No,8162.95
10816,2024-01-15,Books,West,Rep_009,41,30.03,10.0,1.0,Yes,1108.11
10817,2024-01-16,Home,Central,Rep_020,6,215.93,15.0,4.0,YES,1101.24
10818,2024-01-17,Electronics,West,Rep_028,37,417.02,10.0,3.0,YES,13886.77
10819,2024-01-18,Electronics,South,Rep_001,10,403.8,15.0,,No,$3432.30
10820,2024-01-18,Clothing,South,Rep_008,40,116.04,0.0,,YES,4641.6
10821,2024-01-19,Books,West,Rep_023,7,116.91,20.0,4.0,no,654.7
10822,2024-01-20,Clothing,South,Rep_023,39,409.57,10.0,1.0,YES,14375.91
10823,2024-01-21,Clothing,Central,Rep_003,38,465.55,15.0,1.0,No,15037.27
10824,2024-01-22,Clothing,North,Rep_004,21,52.2,20.0,2.0,No,876.96
10825,2024-01-23,Home,Central,Rep_026,20,227.78,10.0,3.0,no,4100.04
10826,2024-01-24,Home,Central,Rep_025,3,172.04,5.0,1.0,YES,490.31
10827,2024-01-25,Food,South,Rep_015,22,435.99,15.0,5.0,YES,
10828,2024-01-26,Food,North,Rep_006,47,46.34,5.0,3.0,Yes,
10829,2024-01-27,Clothing,South,Rep_015,4,109.51,0.0,,,438.04
10830,2024-01-28,Books,East,Rep_021,28,377.47,5.0,3.0,No,10040.7
10831,2024-01-29,Electronics,South,Rep_003,12,30.39,5.0,5.0,Yes,346.45
10832,2024-01-29,Home,South,Rep_025,38,248.81,,4.0,No,9454.78
10833,2024-01-30,Books,South,Rep_021,36,223.84,15.0,5.0,Yes,6849.5
10834,2024-01-31,Sports,North,Rep_021,47,170.53,0.0,5.0,,8014.91
10835,2024-02-01,Home,South,Rep_014,41,200.31,5.0,4.0,Yes,7802.07
10836,2024-02-02,Home,North,Rep_020,5,,20.0,4.0,No,1069.28
10837,2024-02-03,Food,West,Rep_014,13,84.88,10.0,4.0,YES,993.1
10838,2024-02-04,Electronics,East,Rep_004,23,288.14,5.0,4.0,No,6295.86
10839,2024-02-05,Electronics,North,Rep_012,30,403.69,0.0,4.0,no,12110.7
10840,2024-02-06,Sports,West,Rep_017,37,381.28,5.0,5.0,no,
10841,2024-02-07,Sports,North,Rep_007,25,81.18,10.0,2.0,no,1826.55
10842,2024-02-08,Home,North,Rep_009,48,78.88,0.0,2.0,no,3786.24
10843,2024-02-08,Clothing,East,Rep_003,27,137.75,15.0,1.0,,3161.36
10844,2024-02-09,Food,Central,Rep_028,14,183.73,0.0,2.0,YES,2572.22
10845,2024-02-10,Food,Central,Rep_013,48,207.19,15.0,,YES,8453.35
10846,2024-02-11,Home,North,Rep_015,47,341.45,0.0,2.0,No,16048.15
10847,2024-02-12,Books,South,Rep_018,36,33.06,10.0,5.0,Yes,1071.14
10848,2024-02-13,Clothing,West,Rep_019,39,22.16,10.0,4.0,No,777.82
10849,2024-02-14,Home,South,Rep_001,16,199.0,0.0,4.0,No,3184.0
10850,2024-02-15,Clothing,South,Rep_006,22,350.1,5.0,5.0,No,7317.09
10851,2024-02-16,Clothing,North,Rep_027,21,100.75,10.0,,No,1904.18
10852,2024-02-17,Clothing,North,Rep_027,21,322.54,15.0,2.0,YES,5757.34
10853,2024-02-18,Home,North,Rep_023,8,133.61,15.0,5.0,Yes,908.55
10854,2024-02-19,Food,North,Rep_027,49,443.61,20.0,1.0,No,17389.51
10855,2024-02-19,Food,Central,Rep_027,16,448.37,,4.0,YES,$7173.92
10856,2024-02-20,Clothing,North,Rep_002,31,152.16,,3.0,No,$4716.96
10857,2024-02-21,Books,Central,Rep_024,42,118.85,,1.0,no,4991.7
10858,2024-02-22,Electronics,Central,Rep_014,10,208.6,15.0,,No,1773.1
10859,2024-02-23,Home,North,Rep_006,32,124.06,20.0,1.0,No,3175.94
10860,2024-02-24,Electronics,East,Rep_014,34,337.83,,5.0,,11486.22
10861,2024-02-25,Books,West,Rep_004,9,413.9,,2.0,no,3725.1
10862,2024-02-26,Home,South,Rep_021,17,338.18,0.0,4.0,Yes,5749.06
10863,2024-02-27,Clothing,Central,Rep_008,11,413.05,0.0,,No,4543.55
10864,2024-02-28,Food,West,Rep_030,32,201.51,0.0,,Yes,6448.32
10865,2024-02-29,Electronics,East,Rep_003,10,82.38,5.0,3.0,no,782.61
10866,2024-02-29,Sports,South,Rep_019,22,370.29,,1.0,No,8146.38
10867,2024-03-01,Sports,South,Rep_030,17,183.43,5.0,3.0,,2962.39
10868,2024-03-02,Books,Central,Rep_014,4,337.28,20.0,2.0,YES,1079.3
10869,2024-03-03,Clothing,North,Rep_027,48,138.97,15.0,2.0,,5669.98
10870,2024-03-04,Electronics,East,Rep_020,47,45.21,,3.0,,2124.87
10871,2024-03-05,Clothing,Central,Rep_017,25,496.33,15.0,4.0,YES,10547.01
10872,2024-03-06,Electronics,East,Rep_025,21,82.32,0.0,2.0,YES,1728.72
10873,2024-03-07,Books,North,Rep_008,37,494.27,,3.0,YES,$18287.99
10874,2024-03-08,Books,North,Rep_024,38,488.75,10.0,1.0,No,16715.25
10875,2024-03-09,Sports,Central,Rep_014,49,397.94,5.0,3.0,Yes,18524.11
10876,2024-03-10,Clothing,North,Rep_026,1,331.41,5.0,3.0,Yes,314.84
10877,2024-03-11,Home,West,Rep_006,25,291.01,,5.0,YES,7275.25
10878,2024-03-11,Sports,South,Rep_023,36,433.72,0.0,2.0,,15613.92
10879,2024-03-12,Clothing,Central,Rep_022,17,148.27,5.0,4.0,no,2394.56
10880,2024-03-13,Sports,East,Rep_016,41,,0.0,4.0,YES,9696.5
10881,2024-03-14,Home,West,Rep_025,24,,20.0,5.0,,5982.72
10882,2024-03-15,Food,Central,Rep_019,2,208.54,15.0,,,354.52
10883,2024-03-16,Food,North,Rep_014,40,216.61,10.0,4.0,No,7797.96
10884,2024-03-17,Food,North,Rep_019,15,168.49,15.0,3.0,No,2148.25
10885,2024-03-18,Food,North,Rep_003,32,284.29,15.0,5.0,Yes,7732.69
10886,2024-03-19,Electronics,North,Rep_010,39,426.03,20.0,1.0,Yes,13292.14
10887,2024-03-20,Food,East,Rep_019,6,104.76,5.0,2.0,no,597.13
10888,2024-03-21,Home,West,Rep_009,1,467.54,10.0,2.0,no,420.79
10889,2024-03-21,Books,South,Rep_028,47,346.1,5.0,2.0,no,15453.36
10890,2024-03-22,Books,East,Rep_020,23,412.52,,3.0,no,$9487.96
10891,2024-03-23,Electronics,East,Rep_013,39,280.31,15.0,1.0,,9292.28
10892,2024-03-24,Food,South,Rep_007,17,390.86,,5.0,,6644.62
10893,2024-03-25,Food,South,Rep_014,34,13.02,0.0,5.0,Yes,442.68
10894,2024-03-26,Food,North,Rep_009,41,410.1,15.0,2.0,No,14291.98
10895,2024-03-27,Sports,East,Rep_027,29,24.87,5.0,1.0,No,685.17
10896,2024-03-28,Clothing,Central,Rep_028,9,445.51,15.0,1.0,YES,3408.15
10897,2024-03-29,Sports,South,Rep_023,13,496.02,0.0,1.0,,6448.26
10898,2024-03-30,Clothing,South,Rep_025,6,150.56,20.0,4.0,no,$722.69
10899,2024-03-31,Food,West,Rep_028,6,109.11,,4.0,no,654.66
10900,2024-04-01,Food,Central,Rep_019,20,383.85,,2.0,YES,$7677.00
10901,2024-04-01,Sports,Central,Rep_015,3,130.25,5.0,1.0,No,371.21
10902,2024-04-02,Sports,South,Rep_020,17,433.45,15.0,,no,6263.35
10903,2024-04-03,Clothing,North,Rep_014,49,55.91,5.0,1.0,No,2602.61
10904,2024-04-04,Books,West,Rep_024,12,67.35,20.0,5.0,YES,646.56
10905,2024-04-05,Clothing,Central,Rep_006,48,489.68,15.0,5.0,No,19978.94
10906,2024-04-06,Sports,South,Rep_021,47,338.55,15.0,2.0,No,13525.07
10907,2024-04-07,Home,Central,Rep_029,45,424.21,5.0,,No,18134.98
10908,2024-04-08,Sports,West,Rep_004,1,165.54,5.0,1.0,no,157.26
10909,2024-04-09,Home,West,Rep_008,17,339.86,0.0,,Yes,5777.62
10910,2024-04-10,Electronics,East,Rep_017,3,,20.0,2.0,,717.96
10911,2024-04-11,Sports,South,Rep_030,26,303.56,0.0,5.0,No,7892.56
10912,2024-04-11,Electronics,West,Rep_009,15,342.85,,5.0,No,5142.75
10913,2024-04-12,Books,East,Rep_001,36,289.8,15.0,4.0,No,
10914,2024-04-13,Clothing,East,Rep_024,32,,5.0,2.0,Yes,6608.66
10915,2024-04-14,Home,Central,Rep_020,32,141.58,15.0,2.0,YES,3850.98
10916,2024-04-15,Clothing,Central,Rep_025,4,385.45,15.0,1.0,no,$1310.53
10917,2024-04-16,Electronics,East,Rep_014,18,117.0,10.0,1.0,Yes,1895.4
10918,2024-04-17,Home,Central,Rep_011,49,347.72,,4.0,No,17038.28
10919,2024-04-18,Clothing,West,Rep_021,19,120.5,10.0,3.0,Yes,2060.55
10920,2024-04-19,Sports,North,Rep_003,43,314.54,15.0,,Yes,$11496.44
10921,2024-04-20,Food,West,Rep_009,35,374.8,5.0,3.0,Yes,12462.1
10922,2024-04-21,Electronics,East,Rep_027,40,113.26,15.0,3.0,YES,3850.84
10923,2024-04-22,Clothing,East,Rep_014,14,34.67,,2.0,,485.38
10924,2024-04-22,Electronics,West,Rep_030,33,69.83,10.0,,no,2073.95
10925,2024-04-23,Electronics,Central,Rep_009,14,304.97,5.0,2.0,YES,4056.1
10926,2024-04-24,Home,Central,Rep_004,34,425.48,15.0,,YES,12296.37
10927,2024-04-25,Home,East,Rep_027,4,27.27,20.0,5.0,,87.26
10928,2024-04-26,Food,South,Rep_004,24,368.4,,2.0,YES,
10929,2024-04-27,Sports,Central,Rep_028,29,173.95,,2.0,Yes,5044.55
10930,2024-04-28,Electronics,West,Rep_008,19,241.87,20.0,2.0,Yes,3676.42
10931,2024-04-29,Clothing,Central,Rep_002,6,464.79,15.0,4.0,No,2370.43
10932,2024-04-30,Books,West,Rep_009,33,169.33,,2.0,YES,$5587.89
10933,2024-05-01,Electronics,East,Rep_029,49,235.34,5.0,1.0,No,10955.08
10934,2024-05-02,Electronics,Central,Rep_014,40,11.77,15.0,1.0,no,400.18
10935,2024-05-02,Food,West,Rep_022,19,45.39,15.0,,Yes,$733.05
10936,2024-05-03,Sports,East,Rep_009,1,133.0,10.0,5.0,no,$119.70
10937,2024-05-04,Books,South,Rep_024,5,18.79,,4.0,,$93.95
10938,2024-05-05,Home,West,Rep_023,27,317.53,,,Yes,8573.31
10939,2024-05-06,Home,South,Rep_016,16,216.07,20.0,1.0,no,2765.7
10940,2024-05-07,Clothing,South,Rep_029,6,276.33,10.0,4.0,,1492.18
10941,2024-05-08,Books,North,Rep_030,40,91.45,10.0,4.0,no,3292.2
10942,2024-05-09,Home,Central,Rep_017,13,151.49,,5.0,,
10943,2024-05-10,Clothing,West,Rep_016,48,333.59,15.0,4.0,,13610.47
10944,2024-05-11,Sports,South,Rep_030,35,482.82,10.0,2.0,Yes,15208.83
10945,2024-05-12,Clothing,North,Rep_012,19,29.96,20.0,4.0,No,$455.39
10946,2024-05-13,Home,East,Rep_003,12,445.74,10.0,5.0,,4813.99
10947,2024-05-13,Food,West,Rep_011,16,290.56,20.0,,,3719.17
10948,2024-05-14,Food,South,Rep_014,43,284.14,10.0,5.0,Yes,10996.22
10949,2024-05-15,Food,Central,Rep_018,10,252.64,20.0,5.0,No,2021.12
10950,2024-05-16,Home,North,Rep_021,25,39.35,10.0,1.0,YES,885.38
10951,2024-05-17,Food,South,Rep_021,20,49.49,10.0,2.0,YES,890.82
10952,2024-05-18,Books,Central,Rep_005,31,302.45,5.0,1.0,No,8907.15
10953,2024-05-19,Sports,South,Rep_016,4,173.77,20.0,,no,556.06
10954,2024-05-20,Clothing,West,Rep_020,44,459.05,20.0,3.0,Yes,16158.56
10955,2024-05-21,Clothing,West,Rep_005,23,206.26,20.0,,No,3795.18
10956,2024-05-22,Home,West,Rep_003,2,75.92,0.0,2.0,YES,
10957,2024-05-23,Food,North,Rep_012,22,358.79,10.0,4.0,,7104.04
10958,2024-05-23,Food,West,Rep_001,37,,20.0,5.0,YES,4446.22
10959,2024-05-24,Electronics,Central,Rep_021,8,265.11,,3.0,,2120.88
10960,2024-05-25,Sports,South,Rep_029,7,350.43,0.0,2.0,Yes,2453.01
10961,2024-05-26,Books,East,Rep_009,14,450.63,5.0,1.0,,5993.38
10962,2024-05-27,Clothing,Central,Rep_029,3,397.13,20.0,5.0,No,953.11
10963,2024-05-28,Electronics,Central,Rep_009,16,339.8,20.0,,,4349.44
10964,2024-05-29,Electronics,West,Rep_004,19,341.42,0.0,1.0,no,6486.98
10965,2024-05-30,Home,North,Rep_003,18,473.23,10.0,2.0,No,$7666.33
10966,2024-05-31,Clothing,South,Rep_017,16,151.43,,2.0,Yes,2422.88
10967,2024-06-01,Home,North,Rep_002,8,5.55,5.0,,No,42.18
10968,2024-06-02,Books,South,Rep_024,33,139.62,20.0,3.0,no,3685.97
10969,2024-06-03,Electronics,South,Rep_001,49,,10.0,,Yes,4977.13
10970,2024-06-03,Electronics,North,Rep_008,12,332.61,,4.0,YES,3991.32
10971,2024-06-04,Sports,Central,Rep_013,11,,,1.0,no,3505.59
10972,2024-06-05,Books,South,Rep_023,5,298.76,5.0,3.0,Yes,1419.11
10973,2024-06-06,Electronics,North,Rep_015,27,13.04,15.0,5.0,,299.27
10974,2024-06-07,Books,South,Rep_008,12,365.75,,4.0,No,4389.0
10975,2024-06-08,Clothing,East,Rep_012,17,165.15,15.0,3.0,Yes,2386.42
10976,2024-06-09,Food,Central,Rep_022,6,334.2,,1.0,No,2005.2
10977,2024-06-10,Electronics,West,Rep_012,33,280.51,5.0,2.0,,8793.99
10978,2024-06-11,Sports,South,Rep_014,5,174.65,0.0,5.0,Yes,873.25
10979,2024-06-12,Clothing,East,Rep_015,28,71.62,5.0,,YES,1905.09
10980,2024-06-13,Books,West,Rep_015,14,51.74,5.0,1.0,no,688.14
10981,2024-06-13,Home,West,Rep_009,5,416.6,0.0,4.0,Yes,2083.0
10982,2024-06-14,Clothing,South,Rep_019,33,459.61,0.0,4.0,,15167.13
10983,2024-06-15,Electronics,North,Rep_026,48,326.65,10.0,2.0,Yes,14111.28
10984,2024-06-16,Books,South,Rep_020,41,56.2,,2.0,No,2304.2
10985,2024-06-17,Food,East,Rep_029,19,204.0,10.0,5.0,Yes,
10986,2024-06-18,Clothing,West,Rep_022,22,365.82,0.0,,YES,$8048.04
10987,2024-06-19,Electronics,South,Rep_008,5,391.01,15.0,5.0,Yes,1661.79
10988,2024-06-20,Sports,North,Rep_021,2,63.52,15.0,2.0,no,107.98
10989,2024-06-21,Home,South,Rep_019,30,5.02,5.0,2.0,Yes,143.07
10990,2024-06-22,Books,Central,Rep_006,47,357.51,20.0,4.0,No,13442.38
10991,2024-06-23,Clothing,North,Rep_020,39,181.52,5.0,2.0,Yes,6725.32
10992,2024-06-24,Clothing,East,Rep_025,4,130.97,5.0,3.0,YES,497.69
10993,2024-06-24,Food,West,Rep_029,33,11.38,20.0,1.0,,300.43
10994,2024-06-25,Food,South,Rep_019,13,,,2.0,Yes,3541.85
10995,2024-06-26,Sports,North,Rep_004,20,426.32,0.0,5.0,Yes,8526.4
10996,2024-06-27,Home,Central,Rep_023,7,479.03,15.0,,no,2850.23
10997,2024-06-28,Sports,North,Rep_007,15,285.04,5.0,,YES,4061.82
10998,2024-06-29,Electronics,Central,Rep_028,23,259.66,20.0,,,$4777.74
10999,2024-06-30,Electronics,East,Rep_028,14,47.1,10.0,3.0,No,593.46
11000,2024-07-01,Sports,West,Rep_004,23,276.69,5.0,5.0,Yes,6045.68
11001,2024-07-02,Home,East,Rep_022,19,193.09,15.0,3.0,,3118.4
11002,2024-07-03,Sports,South,Rep_012,29,305.53,0.0,2.0,No,8860.37
11003,2024-07-04,Home,North,Rep_013,20,197.42,5.0,1.0,YES,
11004,2024-07-05,Home,Central,Rep_003,29,123.95,5.0,,YES,3414.82
11005,2024-07-05,Books,Central,Rep_022,24,52.01,,5.0,,1248.24
11006,2024-07-06,Home,North,Rep_012,18,160.88,20.0,,No,2316.67
11007,2024-07-07,Food,North,Rep_002,10,52.84,10.0,3.0,YES,475.56
11008,2024-07-08,Home,South,Rep_024,41,92.56,10.0,4.0,,3415.46
11009,2024-07-09,Home,East,Rep_002,8,493.73,0.0,2.0,YES,3949.84
11010,2024-07-10,Home,Central,Rep_027,26,224.83,15.0,1.0,YES,4968.74
11011,2024-07-11,Electronics,South,Rep_023,29,268.28,0.0,2.0,YES,7780.12
11012,2024-07-12,Food,East,Rep_009,10,437.44,5.0,4.0,no,4155.68
11013,2024-07-13,Food,South,Rep_001,17,497.81,5.0,1.0,No,8039.63
11014,2024-07-14,Sports,Central,Rep_008,2,293.44,10.0,4.0,,
11015,2024-07-15,Books,North,Rep_023,6,407.17,15.0,2.0,,2076.57
11016,2024-07-15,Home,North,Rep_006,5,166.84,20.0,3.0,No,667.36
11017,2024-07-16,Clothing,East,Rep_006,28,156.34,15.0,2.0,No,3720.89
11018,2024-07-17,Books,West,Rep_022,41,204.34,5.0,2.0,No,7959.04
11019,2024-07-18,Books,East,Rep_025,5,337.89,20.0,2.0,No,1351.56
11020,2024-07-19,Food,West,Rep_018,18,342.68,15.0,5.0,Yes,
11021,2024-07-20,Books,South,Rep_017,26,161.04,15.0,4.0,,$3558.98
11022,2024-07-21,Home,South,Rep_029,20,70.94,20.0,4.0,Yes,1135.04
11023,2024-07-22,Home,Central,Rep_012,41,,5.0,,YES,12387.66
11024,2024-07-23,Electronics,West,Rep_006,49,68.52,15.0,4.0,YES,2853.86
11025,2024-07-24,Home,Central,Rep_026,27,291.35,20.0,,,6293.16
11026,2024-07-25,Home,North,Rep_027,49,348.24,,5.0,YES,17063.76
11027,2024-07-26,Food,West,Rep_008,12,351.8,,3.0,No,$4221.60
11028,2024-07-26,Home,East,Rep_019,7,377.97,5.0,,Yes,2513.5
11029,2024-07-27,Electronics,North,Rep_028,3,437.07,20.0,2.0,No,1048.97
11030,2024-07-28,Clothing,North,Rep_010,10,252.48,,3.0,YES,2524.8
11031,2024-07-29,Food,East,Rep_001,34,366.47,20.0,5.0,Yes,9967.98
11032,2024-07-30,Clothing,North,Rep_025,25,311.49,15.0,4.0,No,6619.16
11033,2024-07-31,Food,West,Rep_029,35,97.39,5.0,,,3238.22
11034,2024-08-01,Sports,Central,Rep_013,16,17.72,,2.0,No,283.52
11035,2024-08-02,Books,North,Rep_017,2,145.85,15.0,1.0,YES,247.94
11036,2024-08-03,Sports,West,Rep_003,24,224.3,0.0,1.0,Yes,5383.2
11037,2024-08-04,Home,South,Rep_008,10,310.47,0.0,3.0,,3104.7
11038,2024-08-05,Clothing,West,Rep_014,38,425.73,5.0,4.0,Yes,15368.85
11039,2024-08-05,Home,Central,Rep_003,22,102.14,,1.0,,2247.08
11040,2024-08-06,Books,West,Rep_016,26,67.15,,3.0,Yes,1745.9
11041,2024-08-07,Food,East,Rep_013,43,481.92,,5.0,YES,20722.56
11042,2024-08-08,Books,Central,Rep_020,39,58.48,20.0,3.0,,1824.58
11043,2024-08-09,Electronics,South,Rep_024,27,241.85,15.0,3.0,no,$5550.46
11044,2024-08-10,Books,East,Rep_017,29,294.85,,3.0,Yes,8550.65
11045,2024-08-11,Electronics,West,Rep_013,47,272.98,15.0,2.0,Yes,10905.55
11046,2024-08-12,Books,Central,Rep_029,38,47.59,5.0,3.0,No,
11047,2024-08-13,Electronics,South,Rep_006,20,33.23,,,,$664.60
11048,2024-08-14,Clothing,East,Rep_017,27,57.21,5.0,3.0,no,1467.44
11049,2024-08-15,Home,South,Rep_014,41,294.87,,2.0,YES,12089.67
11050,2024-08-16,Home,West,Rep_017,20,274.45,0.0,2.0,No,5489.0
11051,2024-08-16,Sports,South,Rep_030,44,120.7,10.0,5.0,no,4779.72
11052,2024-08-17,Home,North,Rep_008,19,,5.0,4.0,,5788.64
11053,2024-08-18,Food,East,Rep_011,20,410.93,,1.0,no,
11054,2024-08-19,Books,South,Rep_020,35,25.58,10.0,1.0,Yes,
11055,2024-08-20,Sports,West,Rep_028,47,251.57,5.0,3.0,Yes,11232.6
11056,2024-08-21,Food,West,Rep_001,2,346.21,20.0,5.0,No,553.94
11057,2024-08-22,Food,South,Rep_026,30,129.89,,3.0,,3896.7
11058,2024-08-23,Electronics,West,Rep_007,34,157.35,20.0,1.0,,
11059,2024-08-24,Home,Central,Rep_021,22,,0.0,2.0,no,6792.5
11060,2024-08-25,Clothing,Central,Rep_021,3,,,4.0,No,$1348.44
11061,2024-08-26,Clothing,Central,Rep_017,6,405.91,0.0,5.0,,2435.46
11062,2024-08-26,Sports,North,Rep_030,15,293.65,10.0,2.0,Yes,3964.28
11063,2024-08-27,Clothing,South,Rep_010,27,366.46,5.0,4.0,no,9399.7
11064,2024-08-28,Books,North,Rep_011,10,185.59,15.0,5.0,YES,1577.52
11065,2024-08-29,Clothing,West,Rep_022,9,322.28,0.0,5.0,Yes,2900.52
11066,2024-08-30,Sports,North,Rep_030,33,235.76,15.0,1.0,No,6613.07
11067,2024-08-31,Clothing,West,Rep_009,32,99.02,15.0,2.0,,$2693.34
11068,2024-09-01,Books,West,Rep_009,48,352.36,5.0,5.0,Yes,16067.62
11069,2024-09-02,Electronics,East,Rep_024,6,280.45,10.0,,YES,1514.43
11070,2024-09-03,Sports,Central,Rep_005,41,182.52,5.0,5.0,YES,7109.15
11071,2024-09-04,Electronics,West,Rep_017,36,456.11,,4.0,No,16419.96
11072,2024-09-05,Electronics,East,Rep_009,2,15.36,0.0,1.0,Yes,30.72
11073,2024-09-06,Electronics,Central,Rep_017,29,161.31,15.0,3.0,no,3976.29
11074,2024-09-06,Food,West,Rep_024,4,33.16,5.0,1.0,Yes,126.01
11075,2024-09-07,Home,West,Rep_021,1,384.43,5.0,3.0,YES,365.21
11076,2024-09-08,Food,North,Rep_019,19,352.54,5.0,2.0,No,6363.35
11077,2024-09-09,Home,North,Rep_027,26,169.02,0.0,2.0,No,4394.52
11078,2024-09-10,Electronics,Central,Rep_007,25,339.45,10.0,5.0,no,7637.62
11079,2024-09-11,Sports,West,Rep_023,10,200.99,5.0,,No,1909.4
11080,2024-09-12,Home,South,Rep_009,15,379.35,0.0,2.0,No,5690.25
11081,2024-09-13,Books,North,Rep_007,22,229.82,15.0,5.0,No,4297.63
11082,2024-09-14,Books,Central,Rep_013,48,209.08,,1.0,No,10035.84
11083,2024-09-15,Clothing,West,Rep_011,21,467.69,20.0,2.0,No,7857.19
11084,2024-09-16,Home,West,Rep_014,22,129.19,0.0,1.0,YES,2842.18
11085,2024-09-16,Sports,South,Rep_019,36,64.62,20.0,1.0,Yes,1861.06
11086,2024-09-17,Food,Central,Rep_011,34,294.35,5.0,,,
11087,2024-09-18,Electronics,West,Rep_013,30,484.81,5.0,2.0,No,13817.08
11088,2024-09-19,Clothing,North,Rep_014,25,192.03,0.0,1.0,,4800.75
11089,2024-09-20,Books,South,Rep_013,45,35.71,20.0,,,1285.56
11090,2024-09-21,Food,Central,Rep_001,28,172.96,5.0,,YES,
11091,2024-09-22,Food,South,Rep_008,1,255.44,15.0,2.0,No,$217.12
11092,2024-09-23,Electronics,North,Rep_012,49,85.15,10.0,,,3755.12
11093,2024-09-24,Home,Central,Rep_019,45,,10.0,2.0,No,13395.78
11094,2024-09-25,Books,South,Rep_012,4,498.89,5.0,2.0,no,1895.78
11095,2024-09-26,Sports,East,Rep_008,7,228.61,20.0,3.0,no,1280.22
11096,2024-09-27,Food,North,Rep_008,49,180.59,,1.0,no,$8848.91
11097,2024-09-27,Electronics,North,Rep_029,9,203.35,5.0,4.0,,1738.64
11098,2024-09-28,Sports,North,Rep_021,36,62.0,,2.0,no,2232.0
11099,2024-09-29,Home,East,Rep_013,19,442.22,,1.0,YES,8402.18
11100,2024-09-30,Books,East,Rep_012,1,210.34,20.0,,YES,168.27
11101,2024-10-01,Home,West,Rep_029,10,196.7,,5.0,,1967.0
11102,2024-10-02,Food,South,Rep_016,36,331.55,15.0,2.0,No,10145.43
11103,2024-10-03,Sports,West,Rep_001,9,223.81,20.0,,Yes,$1611.43
11104,2024-10-04,Sports,South,Rep_013,45,325.88,5.0,,No,13931.37
11105,2024-10-05,Sports,East,Rep_026,46,35.42,15.0,,No,1384.92
11106,2024-10-06,Food,East,Rep_007,42,407.79,0.0,,No,17127.18
11107,2024-10-07,Food,West,Rep_028,32,470.55,10.0,,No,
11108,2024-10-07,Home,Central,Rep_026,32,326.14,5.0,2.0,Yes,9914.66
11109,2024-10-08,Clothing,West,Rep_005,6,477.51,5.0,4.0,no,2721.81
11110,2024-10-09,Home,South,Rep_008,48,79.96,5.0,3.0,No,
11111,2024-10-10,Books,West,Rep_025,38,241.32,15.0,,YES,7794.64
11112,2024-10-11,Electronics,North,Rep_027,17,302.89,0.0,,,5149.13
11113,2024-10-12,Sports,South,Rep_014,10,292.96,20.0,3.0,,2343.68
11114,2024-10-13,Clothing,South,Rep_023,27,203.72,0.0,2.0,YES,5500.44
11115,2024-10-14,Electronics,Central,Rep_030,35,172.35,15.0,1.0,No,5127.41
11116,2024-10-15,Clothing,East,Rep_013,21,67.78,5.0,5.0,Yes,1352.21
11117,2024-10-16,Home,South,Rep_015,25,198.91,10.0,5.0,no,4475.48
11118,2024-10-17,Food,East,Rep_023,28,85.52,5.0,1.0,,2274.83
11119,2024-10-18,Sports,West,Rep_017,47,368.51,20.0,2.0,no,13855.98
11120,2024-10-18,Home,North,Rep_015,15,108.37,,5.0,Yes,
11121,2024-10-19,Electronics,Central,Rep_020,4,,10.0,3.0,,122.36
11122,2024-10-20,Electronics,East,Rep_018,29,278.42,5.0,1.0,no,7670.47
11123,2024-10-21,Electronics,South,Rep_018,9,299.64,10.0,4.0,Yes,2427.08
11124,2024-10-22,Electronics,East,Rep_002,27,436.6,,2.0,no,11788.2
11125,2024-10-23,Electronics,South,Rep_004,26,290.61,0.0,1.0,No,7555.86
11126,2024-10-24,Clothing,East,Rep_030,19,176.01,15.0,5.0,Yes,2842.56
11127,2024-10-25,Home,South,Rep_001,28,402.49,5.0,2.0,no,10706.23
11128,2024-10-26,Sports,West,Rep_004,17,272.44,20.0,3.0,No,3705.18
11129,2024-10-27,Food,South,Rep_018,43,44.24,0.0,2.0,No,1902.32
11130,2024-10-28,Food,South,Rep_005,41,285.1,5.0,2.0,Yes,11104.64
11131,2024-10-28,Home,North,Rep_019,42,454.47,0.0,3.0,YES,19087.74
11132,2024-10-29,Home,South,Rep_015,20,201.17,20.0,,,3218.72
11133,2024-10-30,Food,North,Rep_028,45,151.68,5.0,3.0,Yes,6484.32
11134,2024-10-31,Food,Central,Rep_008,40,76.02,,2.0,No,3040.8
11135,2024-11-01,Clothing,North,Rep_020,39,79.97,,3.0,No,3118.83
11136,2024-11-02,Books,West,Rep_017,49,219.22,20.0,,Yes,8593.42
11137,2024-11-03,Sports,North,Rep_001,23,299.86,10.0,1.0,YES,6207.1
11138,2024-11-04,Electronics,Central,Rep_012,47,44.9,20.0,3.0,,1688.24
11139,2024-11-05,Books,West,Rep_026,32,470.09,10.0,3.0,no,13538.59
11140,2024-11-06,Home,East,Rep_019,47,378.79,5.0,2.0,Yes,16912.97
11141,2024-11-07,Food,East,Rep_015,33,295.38,10.0,1.0,,8772.79
11142,2024-11-08,Books,North,Rep_009,46,415.08,5.0,4.0,,$18139.00
11143,2024-11-08,Sports,North,Rep_007,5,44.69,5.0,4.0,No,212.28
11144,2024-11-09,Home,Central,Rep_002,43,241.04,15.0,5.0,no,8810.01
11145,2024-11-10,Electronics,Central,Rep_029,48,316.9,5.0,3.0,Yes,14450.64
11146,2024-11-11,Electronics,South,Rep_009,34,415.18,10.0,3.0,No,
11147,2024-11-12,Sports,Central,Rep_010,40,392.82,15.0,1.0,No,13355.88
11148,2024-11-13,Sports,South,Rep_002,11,142.15,15.0,,YES,1329.1
11149,2024-11-14,Food,West,Rep_019,3,470.74,5.0,4.0,,1341.61
11150,2024-11-15,Electronics,North,Rep_011,33,66.55,20.0,5.0,Yes,1756.92
11151,2024-11-16,Home,West,Rep_013,11,438.19,20.0,1.0,Yes,3856.07
11152,2024-11-17,Books,Central,Rep_010,16,485.62,,3.0,Yes,7769.92
11153,2024-11-18,Home,West,Rep_014,18,92.69,15.0,4.0,No,
11154,2024-11-18,Clothing,West,Rep_018,30,362.42,5.0,5.0,YES,10328.97
11155,2024-11-19,Clothing,West,Rep_019,48,24.94,20.0,2.0,no,957.7
11156,2024-11-20,Sports,Central,Rep_022,10,205.68,5.0,4.0,No,1953.96
11157,2024-11-21,Food,West,Rep_009,18,260.56,5.0,5.0,no,4455.58
11158,2024-11-22,Clothing,South,Rep_025,38,292.42,15.0,1.0,YES,9445.17
11159,2024-11-23,Electronics,Central,Rep_007,19,468.29,,2.0,,$8897.51
11160,2024-11-24,Home,West,Rep_028,36,337.76,15.0,5.0,Yes,10335.46
11161,2024-11-25,Home,Central,Rep_003,13,243.23,0.0,5.0,no,3161.99
11162,2024-11-26,Sports,East,Rep_020,46,405.79,20.0,3.0,No,14933.07
11163,2024-11-27,Books,South,Rep_006,3,475.51,20.0,,no,1141.22
11164,2024-11-28,Sports,West,Rep_027,10,15.92,20.0,4.0,,127.36
11165,2024-11-29,Books,East,Rep_021,38,491.35,10.0,3.0,Yes,16804.17
11166,2024-11-29,Sports,East,Rep_002,1,47.64,5.0,2.0,no,45.26
11167,2024-11-30,Sports,Central,Rep_029,27,408.12,15.0,,,9366.35
11168,2024-12-01,Sports,East,Rep_006,46,143.77,20.0,5.0,No,5290.74
11169,2024-12-02,Books,South,Rep_003,8,70.43,0.0,3.0,YES,563.44
11170,2024-12-03,Books,South,Rep_016,46,222.73,20.0,,No,8196.46
11171,2024-12-04,Sports,North,Rep_030,42,323.76,,4.0,Yes,$13597.92
11172,2024-12-05,Clothing,South,Rep_008,17,193.57,5.0,2.0,No,3126.16
11173,2024-12-06,Food,East,Rep_002,9,32.01,5.0,1.0,No,273.69
11174,2024-12-07,Food,South,Rep_017,6,301.73,15.0,3.0,No,1538.82
11175,2024-12-08,Food,Central,Rep_009,43,451.69,10.0,2.0,No,17480.4
11176,2024-12-09,Books,North,Rep_030,25,194.69,15.0,1.0,Yes,4137.16
11177,2024-12-09,Books,East,Rep_012,39,,20.0,3.0,,3496.9
11178,2024-12-10,Clothing,North,Rep_003,49,224.08,,2.0,no,10979.92
11179,2024-12-11,Food,East,Rep_011,28,28.94,0.0,2.0,YES,810.32
11180,2024-12-12,Food,Central,Rep_001,33,,15.0,,no,11532.48
11181,2024-12-13,Sports,North,Rep_023,37,414.04,10.0,3.0,no,13787.53
11182,2024-12-14,Books,West,Rep_013,9,296.06,15.0,2.0,YES,$2264.86
11183,2024-12-15,Food,East,Rep_015,18,179.79,5.0,5.0,Yes,$3074.41
11184,2024-12-16,Home,West,Rep_026,21,400.89,20.0,3.0,YES,6734.95
11185,2024-12-17,Clothing,North,Rep_005,2,279.57,20.0,2.0,Yes,447.31
11186,2024-12-18,Home,West,Rep_021,43,413.84,20.0,,no,14236.1
11187,2024-12-19,Home,West,Rep_030,38,317.57,20.0,1.0,Yes,9654.13
11188,2024-12-20,Clothing,North,Rep_017,40,393.28,20.0,1.0,,12584.96
11189,2024-12-20,Home,Central,Rep_025,36,301.29,20.0,5.0,YES,8677.15
11190,2024-12-21,Food,West,Rep_023,43,210.0,0.0,3.0,,9030.0
11191,2024-12-22,Books,West,Rep_024,37,479.18,10.0,,no,15956.69
11192,2024-12-23,Clothing,Central,Rep_025,15,272.85,20.0,2.0,YES,$3274.20
11193,2024-12-24,Sports,West,Rep_006,28,304.52,10.0,2.0,no,
11194,2024-12-25,Home,West,Rep_028,18,114.14,,1.0,,$2054.52
11195,2024-12-26,Clothing,West,Rep_021,34,314.7,20.0,,no,8559.84
11196,2024-12-27,Electronics,South,Rep_022,22,287.95,15.0,5.0,YES,5384.66
11197,2024-12-28,Electronics,Central,Rep_011,11,96.5,20.0,1.0,YES,849.2
11198,2024-12-29,Books,West,Rep_018,13,34.5,5.0,1.0,no,$426.08
11199,2024-12-30,Food,Central,Rep_004,4,304.16,0.0,5.0,YES,1216.64
11200,2024-12-31,Books,East,Rep_003,22,383.03,15.0,3.0,YES,7162.66
10338,2022-11-04,Clothing,West,Rep_007,12,146.83,10.0,4.0,,1585.76
10656,2023-08-22,Home,South,Rep_011,44,411.24,15.0,3.0,No,15380.38
11009,2024-07-09,Home,East,Rep_002,8,493.73,0.0,2.0,YES,3949.84
10005,2022-01-04,Sports,Central,Rep_014,44,57.17,20.0,4.0,YES,2012.38
10854,2024-02-19,Food,North,Rep_027,49,443.61,20.0,1.0,No,17389.51
10487,2023-03-20,Home,West,Rep_030,17,499.78,0.0,3.0,Yes,8496.26
11097,2024-09-27,Electronics,North,Rep_029,9,203.35,5.0,4.0,,1738.64
11031,2024-07-29,Food,East,Rep_001,34,366.47,20.0,5.0,Yes,9967.98
10477,2023-03-11,Home,Central,Rep_025,22,107.73,5.0,1.0,,2251.56
10646,2023-08-13,Sports,South,Rep_010,37,29.92,20.0,5.0,Yes,885.63
11140,2024-11-06,Home,East,Rep_019,47,378.79,5.0,2.0,Yes,16912.97
10137,2022-05-05,Clothing,East,Rep_005,8,402.89,5.0,,No,$3061.96
10491,2023-03-24,Home,South,Rep_003,43,89.5,,3.0,,3848.5
10885,2024-03-18,Food,North,Rep_003,32,284.29,15.0,5.0,Yes,7732.69
10198,2022-06-29,Books,West,Rep_030,8,399.14,15.0,1.0,no,
11192,2024-12-23,Clothing,Central,Rep_025,15,272.85,20.0,2.0,YES,3274.2
10100,2022-04-01,Sports,Central,Rep_019,34,212.54,5.0,2.0,No,6865.04
10673,2023-09-06,Food,Central,Rep_023,30,155.13,,1.0,,4653.9
10845,2024-02-10,Food,Central,Rep_013,48,207.19,15.0,,YES,$8453.35
10545,2023-05-12,Home,North,Rep_026,34,142.35,10.0,2.0,no,4355.91
10203,2022-07-04,Electronics,North,Rep_014,13,320.01,5.0,,YES,3952.12
10450,2023-02-15,Home,West,Rep_029,36,190.4,5.0,1.0,Yes,6511.68
10345,2022-11-11,Books,West,Rep_025,18,235.18,,3.0,YES,4233.24
10440,2023-02-05,Home,Central,Rep_013,36,96.71,15.0,3.0,,2959.33
10291,2022-09-22,Home,West,Rep_027,8,189.7,20.0,3.0,No,1214.08
10011,2022-01-10,Books,East,Rep_030,44,84.43,20.0,,no,2971.94
10567,2023-06-01,Sports,South,Rep_017,44,299.63,20.0,3.0,,10546.98
10309,2022-10-09,Clothing,Central,Rep_025,17,390.66,20.0,5.0,YES,5312.98
10639,2023-08-06,Clothing,East,Rep_025,16,469.47,15.0,3.0,no,6384.79
10712,2023-10-12,Sports,South,Rep_019,27,25.75,5.0,5.0,Yes,660.49
